Model,Head,Label,Var,Disease,AUC
CheXagent,i4,CheXpert,raw,Atelectasis,0.7359912735262919
CheXagent,i4,CheXpert,raw,Cardiomegaly,0.7703045935790899
CheXagent,i4,CheXpert,raw,Consolidation,0.6482794387599504
CheXagent,i4,CheXpert,raw,Edema,0.7959772186770977
CheXagent,i4,CheXpert,raw,Enlarged_Cardiomediastinum,0.6688636428317541
CheXagent,i4,CheXpert,raw,Fracture,0.7079472898970154
CheXagent,i4,CheXpert,raw,Lung_Lesion,0.6547498675870094
CheXagent,i4,CheXpert,raw,Lung_Opacity,0.7254409781852602
CheXagent,i4,CheXpert,raw,Pleural_Effusion,0.8060519171679066
CheXagent,i4,CheXpert,raw,Pneumonia,0.7459541373936854
CheXagent,i4,CheXpert,raw,Pneumothorax,0.7494003614724327
CheXagent,i4,CheXpert,raw,Pleural_Other,0.7385733388757743
CheXagent,i4,CheXpert,raw,Support_Devices,0.7222453182251155
CheXagent,i4,CheXpert,raw,No_Finding,0.8292710027100271
MedSigLIP,LR,5pct,l2,Atelectasis,0.7630958381336406
MedSigLIP,LR,5pct,l2,Cardiomegaly,0.7855681305034996
MedSigLIP,LR,5pct,l2,Consolidation,0.7887312671321955
MedSigLIP,LR,5pct,l2,Edema,0.8189115865366747
MedSigLIP,LR,5pct,l2,Enlarged_Cardiomediastinum,0.6980219780219781
MedSigLIP,LR,5pct,l2,Fracture,0.6581376329010398
MedSigLIP,LR,5pct,l2,Lung_Lesion,0.6268679676511956
MedSigLIP,LR,5pct,l2,Lung_Opacity,0.7183495405912603
MedSigLIP,LR,5pct,l2,Pleural_Effusion,0.8900161518271755
MedSigLIP,LR,5pct,l2,Pneumonia,0.7064545836574484
MedSigLIP,LR,5pct,l2,Pneumothorax,0.873802242609582
MedSigLIP,LR,5pct,l2,Pleural_Other,0.7863718879668049
MedSigLIP,LR,5pct,l2,Support_Devices,0.8287650752516695
MedSigLIP,LR,5pct,l2,No_Finding,0.7731653116531165
MedSigLIP,s2,NegBio,raw,Atelectasis,0.7977082963226151
MedSigLIP,s2,NegBio,raw,Cardiomegaly,0.8360856710175235
MedSigLIP,s2,NegBio,raw,Consolidation,0.8194346150821734
MedSigLIP,s2,NegBio,raw,Edema,0.8726096315578694
MedSigLIP,s2,NegBio,raw,Enlarged_Cardiomediastinum,0.7323076923076923
MedSigLIP,s2,NegBio,raw,Fracture,0.7366476989118499
MedSigLIP,s2,NegBio,raw,Lung_Lesion,0.7332466426025155
MedSigLIP,s2,NegBio,raw,Lung_Opacity,0.7513968936211781
MedSigLIP,s2,NegBio,raw,Pleural_Effusion,0.915643092291974
MedSigLIP,s2,NegBio,raw,Pneumonia,0.7508335246842711
MedSigLIP,s2,NegBio,raw,Pneumothorax,0.9058783554196399
MedSigLIP,s2,NegBio,raw,Pleural_Other,0.8150350860631235
MedSigLIP,s2,NegBio,raw,Support_Devices,0.891288174512055
MedSigLIP,s2,NegBio,raw,No_Finding,0.810583073642775
MedSigLIP,LR,CheXpert,l2,Atelectasis,0.7811779953917051
MedSigLIP,LR,CheXpert,l2,Cardiomegaly,0.8207199706480018
MedSigLIP,LR,CheXpert,l2,Consolidation,0.772784569519198
MedSigLIP,LR,CheXpert,l2,Edema,0.8475403540502707
MedSigLIP,LR,CheXpert,l2,Enlarged_Cardiomediastinum,0.7292796092796092
MedSigLIP,LR,CheXpert,l2,Fracture,0.7364879074658254
MedSigLIP,LR,CheXpert,l2,Lung_Lesion,0.7127725035161744
MedSigLIP,LR,CheXpert,l2,Lung_Opacity,0.7350393604835368
MedSigLIP,LR,CheXpert,l2,Pleural_Effusion,0.9063923099356169
MedSigLIP,LR,CheXpert,l2,Pneumonia,0.7414679506093362
MedSigLIP,LR,CheXpert,l2,Pneumothorax,0.9058103975535169
MedSigLIP,LR,CheXpert,l2,Pleural_Other,0.8029045643153527
MedSigLIP,LR,CheXpert,l2,Support_Devices,0.8684341672480812
MedSigLIP,LR,CheXpert,l2,No_Finding,0.8043577235772359
EVA-X,LR,10pct,raw,Atelectasis,0.7542842741935485
EVA-X,LR,10pct,raw,Cardiomegaly,0.8227661435990065
EVA-X,LR,10pct,raw,Consolidation,0.7189619640248904
EVA-X,LR,10pct,raw,Edema,0.8536972114515069
EVA-X,LR,10pct,raw,Enlarged_Cardiomediastinum,0.5797313797313797
EVA-X,LR,10pct,raw,Fracture,0.640565486622269
EVA-X,LR,10pct,raw,Lung_Lesion,0.672204641350211
EVA-X,LR,10pct,raw,Lung_Opacity,0.7094099583241938
EVA-X,LR,10pct,raw,Pleural_Effusion,0.8979126006685062
EVA-X,LR,10pct,raw,Pneumonia,0.6609443595039475
EVA-X,LR,10pct,raw,Pneumothorax,0.8663948352021746
EVA-X,LR,10pct,raw,Pleural_Other,0.7201439315352697
EVA-X,LR,10pct,raw,Support_Devices,0.7821008852604587
EVA-X,LR,10pct,raw,No_Finding,0.7618915989159891
CXR_Foundation,XGB,NegBio,pca95,Atelectasis,0.776621069461716
CXR_Foundation,XGB,NegBio,pca95,Cardiomegaly,0.8005817167856542
CXR_Foundation,XGB,NegBio,pca95,Consolidation,0.767968074231344
CXR_Foundation,XGB,NegBio,pca95,Edema,0.8658139767721265
CXR_Foundation,XGB,NegBio,pca95,Enlarged_Cardiomediastinum,0.6371672771672772
CXR_Foundation,XGB,NegBio,pca95,Fracture,0.6720824598183088
CXR_Foundation,XGB,NegBio,pca95,Lung_Lesion,0.7050198417146829
CXR_Foundation,XGB,NegBio,pca95,Lung_Opacity,0.699301553189411
CXR_Foundation,XGB,NegBio,pca95,Pleural_Effusion,0.9040753774548757
CXR_Foundation,XGB,NegBio,pca95,Pneumonia,0.6962939150401837
CXR_Foundation,XGB,NegBio,pca95,Pneumothorax,0.7128100577641862
CXR_Foundation,XGB,NegBio,pca95,Pleural_Other,0.7897982944711917
CXR_Foundation,XGB,NegBio,pca95,Support_Devices,0.8398071182548794
CXR_Foundation,XGB,NegBio,pca95,No_Finding,0.7676367475807775
EVA-X,i4,CheXpert,raw,Atelectasis,0.6504534870752444
EVA-X,i4,CheXpert,raw,Cardiomegaly,0.7479517095861345
EVA-X,i4,CheXpert,raw,Consolidation,0.591142044398731
EVA-X,i4,CheXpert,raw,Edema,0.7780563227124944
EVA-X,i4,CheXpert,raw,Enlarged_Cardiomediastinum,0.6593722514602376
EVA-X,i4,CheXpert,raw,Fracture,0.753340539723911
EVA-X,i4,CheXpert,raw,Lung_Lesion,0.5812141562787771
EVA-X,i4,CheXpert,raw,Lung_Opacity,0.6990390960322125
EVA-X,i4,CheXpert,raw,Pleural_Effusion,0.7870980549004982
EVA-X,i4,CheXpert,raw,Pneumonia,0.6977696806410428
EVA-X,i4,CheXpert,raw,Pneumothorax,0.6407994386558395
EVA-X,i4,CheXpert,raw,Pleural_Other,0.6975701464669818
EVA-X,i4,CheXpert,raw,Support_Devices,0.7514333846100012
EVA-X,i4,CheXpert,raw,No_Finding,0.8005745257452574
CheXagent,i2,1pct,raw,Atelectasis,0.7641039026497697
CheXagent,i2,1pct,raw,Cardiomegaly,0.8471579363287424
CheXagent,i2,1pct,raw,Consolidation,0.7259248884531504
CheXagent,i2,1pct,raw,Edema,0.8541307929586363
CheXagent,i2,1pct,raw,Enlarged_Cardiomediastinum,0.5921367521367521
CheXagent,i2,1pct,raw,Fracture,0.7695057833859096
CheXagent,i2,1pct,raw,Lung_Lesion,0.7268152250351617
CheXagent,i2,1pct,raw,Lung_Opacity,0.7390704589213034
CheXagent,i2,1pct,raw,Pleural_Effusion,0.9247706216210152
CheXagent,i2,1pct,raw,Pneumonia,0.7327324910812477
CheXagent,i2,1pct,raw,Pneumothorax,0.9100237852531431
CheXagent,i2,1pct,raw,Pleural_Other,0.7616377074688796
CheXagent,i2,1pct,raw,Support_Devices,0.8826780714551072
CheXagent,i2,1pct,raw,No_Finding,0.8146287262872629
BioViL-T,LR,CheXpert,raw,Atelectasis,0.6496705789170507
BioViL-T,LR,CheXpert,raw,Cardiomegaly,0.7551013208399188
BioViL-T,LR,CheXpert,raw,Consolidation,0.5840452990255908
BioViL-T,LR,CheXpert,raw,Edema,0.7667331491644266
BioViL-T,LR,CheXpert,raw,Enlarged_Cardiomediastinum,0.6287667887667887
BioViL-T,LR,CheXpert,raw,Fracture,0.5545040308447249
BioViL-T,LR,CheXpert,raw,Lung_Lesion,0.5630713783403657
BioViL-T,LR,CheXpert,raw,Lung_Opacity,0.5433306524335259
BioViL-T,LR,CheXpert,raw,Pleural_Effusion,0.7551988693720978
BioViL-T,LR,CheXpert,raw,Pneumonia,0.5307618715520864
BioViL-T,LR,CheXpert,raw,Pneumothorax,0.672443085287122
BioViL-T,LR,CheXpert,raw,Pleural_Other,0.5940417531120331
BioViL-T,LR,CheXpert,raw,Support_Devices,0.6719462138579053
BioViL-T,LR,CheXpert,raw,No_Finding,0.6763577235772358
CheXagent,XGB,10pct,pca95,Atelectasis,0.7359771025345622
CheXagent,XGB,10pct,pca95,Cardiomegaly,0.8381971099571008
CheXagent,XGB,10pct,pca95,Consolidation,0.764280998019168
CheXagent,XGB,10pct,pca95,Edema,0.8652676436703293
CheXagent,XGB,10pct,pca95,Enlarged_Cardiomediastinum,0.6368742368742368
CheXagent,XGB,10pct,pca95,Fracture,0.7500408926276434
CheXagent,XGB,10pct,pca95,Lung_Lesion,0.7440884317862165
CheXagent,XGB,10pct,pca95,Lung_Opacity,0.7486778289585923
CheXagent,XGB,10pct,pca95,Pleural_Effusion,0.9036610808264351
CheXagent,XGB,10pct,pca95,Pneumonia,0.6716647443291042
CheXagent,XGB,10pct,pca95,Pneumothorax,0.8802582398912674
CheXagent,XGB,10pct,pca95,Pleural_Other,0.7139522821576764
CheXagent,XGB,10pct,pca95,Support_Devices,0.8858584851807219
CheXagent,XGB,10pct,pca95,No_Finding,0.8127913279132792
CheXagent,LR,CheXpert,raw,Atelectasis,0.792842741935484
CheXagent,LR,CheXpert,raw,Cardiomegaly,0.8388603522239785
CheXagent,LR,CheXpert,raw,Consolidation,0.8043578302887213
CheXagent,LR,CheXpert,raw,Edema,0.8782255367119656
CheXagent,LR,CheXpert,raw,Enlarged_Cardiomediastinum,0.7326984126984126
CheXagent,LR,CheXpert,raw,Fracture,0.8128987031195233
CheXagent,LR,CheXpert,raw,Lung_Lesion,0.8150931786216596
CheXagent,LR,CheXpert,raw,Lung_Opacity,0.7592990665594308
CheXagent,LR,CheXpert,raw,Pleural_Effusion,0.9162067882540323
CheXagent,LR,CheXpert,raw,Pneumonia,0.7867099416145847
CheXagent,LR,CheXpert,raw,Pneumothorax,0.908868501529052
CheXagent,LR,CheXpert,raw,Pleural_Other,0.8818399896265561
CheXagent,LR,CheXpert,raw,Support_Devices,0.9048231744334604
CheXagent,LR,CheXpert,raw,No_Finding,0.8288075880758807
BioViL-T,LR,NegBio,raw,Atelectasis,0.6643897672766034
BioViL-T,LR,NegBio,raw,Cardiomegaly,0.7460557839154508
BioViL-T,LR,NegBio,raw,Consolidation,0.5743886136667453
BioViL-T,LR,NegBio,raw,Edema,0.7561448738486183
BioViL-T,LR,NegBio,raw,Enlarged_Cardiomediastinum,0.6142612942612943
BioViL-T,LR,NegBio,raw,Fracture,0.5769691524408506
BioViL-T,LR,NegBio,raw,Lung_Lesion,0.5677869201623209
BioViL-T,LR,NegBio,raw,Lung_Opacity,0.5497020611507277
BioViL-T,LR,NegBio,raw,Pleural_Effusion,0.7648030423430582
BioViL-T,LR,NegBio,raw,Pneumonia,0.5408220436280137
BioViL-T,LR,NegBio,raw,Pneumothorax,0.6610261637784574
BioViL-T,LR,NegBio,raw,Pleural_Other,0.6119449951225653
BioViL-T,LR,NegBio,raw,Support_Devices,0.6742411021814007
BioViL-T,LR,NegBio,raw,No_Finding,0.6864595292766935
Early_Fusion,s2,CheXpert,raw,Atelectasis,0.7921766993087558
Early_Fusion,s2,CheXpert,raw,Cardiomegaly,0.8525979340708963
Early_Fusion,s2,CheXpert,raw,Consolidation,0.82798775485704
Early_Fusion,s2,CheXpert,raw,Edema,0.8751409139898171
Early_Fusion,s2,CheXpert,raw,Enlarged_Cardiomediastinum,0.7497924297924298
Early_Fusion,s2,CheXpert,raw,Fracture,0.8056548662226896
Early_Fusion,s2,CheXpert,raw,Lung_Lesion,0.8093134669479607
Early_Fusion,s2,CheXpert,raw,Lung_Opacity,0.7611561989715094
Early_Fusion,s2,CheXpert,raw,Pleural_Effusion,0.9312930434977679
Early_Fusion,s2,CheXpert,raw,Pneumonia,0.7965004515257995
Early_Fusion,s2,CheXpert,raw,Pneumothorax,0.9376826367652057
Early_Fusion,s2,CheXpert,raw,Pleural_Other,0.8749027489626556
Early_Fusion,s2,CheXpert,raw,Support_Devices,0.9128602883212671
Early_Fusion,s2,CheXpert,raw,No_Finding,0.8317235772357724
CXR_Foundation,XGB,1pct,l2,Atelectasis,0.7705213133640554
CXR_Foundation,XGB,1pct,l2,Cardiomegaly,0.765861368254685
CXR_Foundation,XGB,1pct,l2,Consolidation,0.695742211728926
CXR_Foundation,XGB,1pct,l2,Edema,0.8019647436294488
CXR_Foundation,XGB,1pct,l2,Enlarged_Cardiomediastinum,0.6422222222222222
CXR_Foundation,XGB,1pct,l2,Fracture,0.6463839233555322
CXR_Foundation,XGB,1pct,l2,Lung_Lesion,0.6384273909985936
CXR_Foundation,XGB,1pct,l2,Lung_Opacity,0.6853988447759011
CXR_Foundation,XGB,1pct,l2,Pleural_Effusion,0.8849294479215738
CXR_Foundation,XGB,1pct,l2,Pneumonia,0.6656205573884821
CXR_Foundation,XGB,1pct,l2,Pneumothorax,0.8042133876996262
CXR_Foundation,XGB,1pct,l2,Pleural_Other,0.6068626815352697
CXR_Foundation,XGB,1pct,l2,Support_Devices,0.7700270924132182
CXR_Foundation,XGB,1pct,l2,No_Finding,0.7554850948509484
MedSigLIP,s4,5pct,raw,Atelectasis,0.7293375283470964
MedSigLIP,s4,5pct,raw,Cardiomegaly,0.7279825407240689
MedSigLIP,s4,5pct,raw,Consolidation,0.6554361078281835
MedSigLIP,s4,5pct,raw,Edema,0.7693890716923258
MedSigLIP,s4,5pct,raw,Enlarged_Cardiomediastinum,0.6600213755495734
MedSigLIP,s4,5pct,raw,Fracture,0.5533536262635252
MedSigLIP,s4,5pct,raw,Lung_Lesion,0.6830134588981847
MedSigLIP,s4,5pct,raw,Lung_Opacity,0.6629253227215485
MedSigLIP,s4,5pct,raw,Pleural_Effusion,0.7776679611493893
MedSigLIP,s4,5pct,raw,Pneumonia,0.7000694235755837
MedSigLIP,s4,5pct,raw,Pneumothorax,0.7591926857038966
MedSigLIP,s4,5pct,raw,Pleural_Other,0.7751369067765296
MedSigLIP,s4,5pct,raw,Support_Devices,0.8814529533701116
MedSigLIP,s4,5pct,raw,No_Finding,0.7785989159891599
CXR_Foundation,LR,NegBio,raw,Atelectasis,0.7753508616095222
CXR_Foundation,LR,NegBio,raw,Cardiomegaly,0.8230010496542551
CXR_Foundation,LR,NegBio,raw,Consolidation,0.7881182668868444
CXR_Foundation,LR,NegBio,raw,Edema,0.8622471966359633
CXR_Foundation,LR,NegBio,raw,Enlarged_Cardiomediastinum,0.6458608058608059
CXR_Foundation,LR,NegBio,raw,Fracture,0.6886293301387643
CXR_Foundation,LR,NegBio,raw,Lung_Lesion,0.7337623029841042
CXR_Foundation,LR,NegBio,raw,Lung_Opacity,0.7471280648627527
CXR_Foundation,LR,NegBio,raw,Pleural_Effusion,0.9044443183108184
CXR_Foundation,LR,NegBio,raw,Pneumonia,0.7401791044776119
CXR_Foundation,LR,NegBio,raw,Pneumothorax,0.8579001019367992
CXR_Foundation,LR,NegBio,raw,Pleural_Other,0.8234683281412254
CXR_Foundation,LR,NegBio,raw,Support_Devices,0.8662962112514352
CXR_Foundation,LR,NegBio,raw,No_Finding,0.8022541823847795
EVA-X,i4,1pct,raw,Atelectasis,0.6113901832314548
EVA-X,i4,1pct,raw,Cardiomegaly,0.6672485523632163
EVA-X,i4,1pct,raw,Consolidation,0.5917799747521113
EVA-X,i4,1pct,raw,Edema,0.6977546013471188
EVA-X,i4,1pct,raw,Enlarged_Cardiomediastinum,0.6403103699116022
EVA-X,i4,1pct,raw,Fracture,0.6506934429022191
EVA-X,i4,1pct,raw,Lung_Lesion,0.5921093479764592
EVA-X,i4,1pct,raw,Lung_Opacity,0.5832213048460638
EVA-X,i4,1pct,raw,Pleural_Effusion,0.6981750882099833
EVA-X,i4,1pct,raw,Pneumonia,0.6229982802483328
EVA-X,i4,1pct,raw,Pneumothorax,0.6099873077953715
EVA-X,i4,1pct,raw,Pleural_Other,0.5332156323756317
EVA-X,i4,1pct,raw,Support_Devices,0.6100430578271481
EVA-X,i4,1pct,raw,No_Finding,0.7294986449864499
CXR_Foundation,LR,10pct,l2,Atelectasis,0.7928067396313365
CXR_Foundation,LR,10pct,l2,Cardiomegaly,0.7947053510950552
CXR_Foundation,LR,10pct,l2,Consolidation,0.7743452249944976
CXR_Foundation,LR,10pct,l2,Edema,0.8544404940351572
CXR_Foundation,LR,10pct,l2,Enlarged_Cardiomediastinum,0.5987789987789988
CXR_Foundation,LR,10pct,l2,Fracture,0.6493749269774506
CXR_Foundation,LR,10pct,l2,Lung_Lesion,0.7188159282700423
CXR_Foundation,LR,10pct,l2,Lung_Opacity,0.7279812824449805
CXR_Foundation,LR,10pct,l2,Pleural_Effusion,0.8973742064293246
CXR_Foundation,LR,10pct,l2,Pneumonia,0.7060522339350697
CXR_Foundation,LR,10pct,l2,Pneumothorax,0.838260278627251
CXR_Foundation,LR,10pct,l2,Pleural_Other,0.7276322614107884
CXR_Foundation,LR,10pct,l2,Support_Devices,0.8314290115346629
CXR_Foundation,LR,10pct,l2,No_Finding,0.7863414634146342
BioViL-T,s2,CheXpert,raw,Atelectasis,0.6750702044930876
BioViL-T,s2,CheXpert,raw,Cardiomegaly,0.7804315308195982
BioViL-T,s2,CheXpert,raw,Consolidation,0.6194001480621861
BioViL-T,s2,CheXpert,raw,Edema,0.7703009055659477
BioViL-T,s2,CheXpert,raw,Enlarged_Cardiomediastinum,0.626080586080586
BioViL-T,s2,CheXpert,raw,Fracture,0.6541885734314756
BioViL-T,s2,CheXpert,raw,Lung_Lesion,0.5557533403656821
BioViL-T,s2,CheXpert,raw,Lung_Opacity,0.5496770734322829
BioViL-T,s2,CheXpert,raw,Pleural_Effusion,0.7849227179935843
BioViL-T,s2,CheXpert,raw,Pneumonia,0.5312446912189408
BioViL-T,s2,CheXpert,raw,Pneumothorax,0.7404689092762488
BioViL-T,s2,CheXpert,raw,Pleural_Other,0.6060360477178424
BioViL-T,s2,CheXpert,raw,Support_Devices,0.6831546804635611
BioViL-T,s2,CheXpert,raw,No_Finding,0.6847859078590786
CXR_Foundation,i2,10pct,raw,Atelectasis,0.7859032978110599
CXR_Foundation,i2,10pct,raw,Cardiomegaly,0.8042306389704224
CXR_Foundation,i2,10pct,raw,Consolidation,0.6952720142459833
CXR_Foundation,i2,10pct,raw,Edema,0.8647721219478959
CXR_Foundation,i2,10pct,raw,Enlarged_Cardiomediastinum,0.6437118437118436
CXR_Foundation,i2,10pct,raw,Fracture,0.6778595630330646
CXR_Foundation,i2,10pct,raw,Lung_Lesion,0.7176511954992968
CXR_Foundation,i2,10pct,raw,Lung_Opacity,0.7307547951548831
CXR_Foundation,i2,10pct,raw,Pleural_Effusion,0.9027244991811921
CXR_Foundation,i2,10pct,raw,Pneumonia,0.6850406373219603
CXR_Foundation,i2,10pct,raw,Pneumothorax,0.8591233435270133
CXR_Foundation,i2,10pct,raw,Pleural_Other,0.7771978734439834
CXR_Foundation,i2,10pct,raw,Support_Devices,0.8577965441316383
CXR_Foundation,i2,10pct,raw,No_Finding,0.7899241192411925
CXR_Foundation,LR,10pct,raw,Atelectasis,0.7885044642857143
CXR_Foundation,LR,10pct,raw,Cardiomegaly,0.8095083540302551
CXR_Foundation,LR,10pct,raw,Consolidation,0.75415674583325
CXR_Foundation,LR,10pct,raw,Edema,0.8686248033398164
CXR_Foundation,LR,10pct,raw,Enlarged_Cardiomediastinum,0.6286202686202687
CXR_Foundation,LR,10pct,raw,Fracture,0.6250029209019745
CXR_Foundation,LR,10pct,raw,Lung_Lesion,0.7331223628691983
CXR_Foundation,LR,10pct,raw,Lung_Opacity,0.7237649582023349
CXR_Foundation,LR,10pct,raw,Pleural_Effusion,0.9044406308185837
CXR_Foundation,LR,10pct,raw,Pneumonia,0.7096823225414196
CXR_Foundation,LR,10pct,raw,Pneumothorax,0.8494053686714238
CXR_Foundation,LR,10pct,raw,Pleural_Other,0.761961877593361
CXR_Foundation,LR,10pct,raw,Support_Devices,0.8574522258365576
CXR_Foundation,LR,10pct,raw,No_Finding,0.7982710027100272
EVA-X,i2,NegBio,raw,Atelectasis,0.787280156333274
EVA-X,i2,NegBio,raw,Cardiomegaly,0.8438418948262462
EVA-X,i2,NegBio,raw,Consolidation,0.7615789887552095
EVA-X,i2,NegBio,raw,Edema,0.8806442731277533
EVA-X,i2,NegBio,raw,Enlarged_Cardiomediastinum,0.6379487179487179
EVA-X,i2,NegBio,raw,Fracture,0.6608765099331136
EVA-X,i2,NegBio,raw,Lung_Lesion,0.6839226061027285
EVA-X,i2,NegBio,raw,Lung_Opacity,0.7255445931425222
EVA-X,i2,NegBio,raw,Pleural_Effusion,0.9064649789987512
EVA-X,i2,NegBio,raw,Pneumonia,0.7146360505166475
EVA-X,i2,NegBio,raw,Pneumothorax,0.9047230716955488
EVA-X,i2,NegBio,raw,Pleural_Other,0.7867144969948708
EVA-X,i2,NegBio,raw,Support_Devices,0.8342778415614235
EVA-X,i2,NegBio,raw,No_Finding,0.7965956618008857
BioViL-T,s4,NegBio,raw,Atelectasis,0.5990558144498095
BioViL-T,s4,NegBio,raw,Cardiomegaly,0.7062481676450331
BioViL-T,s4,NegBio,raw,Consolidation,0.5957950978993051
BioViL-T,s4,NegBio,raw,Edema,0.6877366127262553
BioViL-T,s4,NegBio,raw,Enlarged_Cardiomediastinum,0.6547935057023784
BioViL-T,s4,NegBio,raw,Fracture,0.5938310737253731
BioViL-T,s4,NegBio,raw,Lung_Lesion,0.5257842255570375
BioViL-T,s4,NegBio,raw,Lung_Opacity,0.5367495576694122
BioViL-T,s4,NegBio,raw,Pleural_Effusion,0.649046329088528
BioViL-T,s4,NegBio,raw,Pneumonia,0.5727432998451779
BioViL-T,s4,NegBio,raw,Pneumothorax,0.674403623846774
BioViL-T,s4,NegBio,raw,Pleural_Other,0.6002134769778985
BioViL-T,s4,NegBio,raw,Support_Devices,0.7398593015926332
BioViL-T,s4,NegBio,raw,No_Finding,0.7000625307528292
CXR_Foundation,XGB,CheXpert,raw,Atelectasis,0.7951108870967741
CXR_Foundation,XGB,CheXpert,raw,Cardiomegaly,0.806911831113118
CXR_Foundation,XGB,CheXpert,raw,Consolidation,0.7906620780727907
CXR_Foundation,XGB,CheXpert,raw,Edema,0.8616936932472776
CXR_Foundation,XGB,CheXpert,raw,Enlarged_Cardiomediastinum,0.6891330891330891
CXR_Foundation,XGB,CheXpert,raw,Fracture,0.5744596331347119
CXR_Foundation,XGB,CheXpert,raw,Lung_Lesion,0.7093332454289734
CXR_Foundation,XGB,CheXpert,raw,Lung_Opacity,0.7410397016889669
CXR_Foundation,XGB,CheXpert,raw,Pleural_Effusion,0.9099255221302466
CXR_Foundation,XGB,CheXpert,raw,Pneumonia,0.7203132963171589
CXR_Foundation,XGB,CheXpert,raw,Pneumothorax,0.8861705742439688
CXR_Foundation,XGB,CheXpert,raw,Pleural_Other,0.788576244813278
CXR_Foundation,XGB,CheXpert,raw,Support_Devices,0.8454373295397914
CXR_Foundation,XGB,CheXpert,raw,No_Finding,0.8007127371273712
CXR_Foundation,XGB,5pct,raw,Atelectasis,0.7941658266129032
CXR_Foundation,XGB,5pct,raw,Cardiomegaly,0.791794846466471
CXR_Foundation,XGB,5pct,raw,Consolidation,0.7304567918525781
CXR_Foundation,XGB,5pct,raw,Edema,0.8469705040694722
CXR_Foundation,XGB,5pct,raw,Enlarged_Cardiomediastinum,0.652014652014652
CXR_Foundation,XGB,5pct,raw,Fracture,0.6459866806869962
CXR_Foundation,XGB,5pct,raw,Lung_Lesion,0.7011361638537272
CXR_Foundation,XGB,5pct,raw,Lung_Opacity,0.725729326606712
CXR_Foundation,XGB,5pct,raw,Pleural_Effusion,0.9013028018933531
CXR_Foundation,XGB,5pct,raw,Pneumonia,0.6765152937600029
CXR_Foundation,XGB,5pct,raw,Pneumothorax,0.8407747196738022
CXR_Foundation,XGB,5pct,raw,Pleural_Other,0.6883590508298756
CXR_Foundation,XGB,5pct,raw,Support_Devices,0.8179960675226299
CXR_Foundation,XGB,5pct,raw,No_Finding,0.7906449864498645
BioViL-T,XGB,CheXpert,pca95,Atelectasis,0.599888392857143
BioViL-T,XGB,CheXpert,pca95,Cardiomegaly,0.6645616956423572
BioViL-T,XGB,CheXpert,pca95,Consolidation,0.563666740030813
BioViL-T,XGB,CheXpert,pca95,Edema,0.6634416461231618
BioViL-T,XGB,CheXpert,pca95,Enlarged_Cardiomediastinum,0.5974603174603175
BioViL-T,XGB,CheXpert,pca95,Fracture,0.527304591657904
BioViL-T,XGB,CheXpert,pca95,Lung_Lesion,0.5322279360056259
BioViL-T,XGB,CheXpert,pca95,Lung_Opacity,0.5375057883064024
BioViL-T,XGB,CheXpert,pca95,Pleural_Effusion,0.6757296363595575
BioViL-T,XGB,CheXpert,pca95,Pneumonia,0.5242348649446099
BioViL-T,XGB,CheXpert,pca95,Pneumothorax,0.7686714237172954
BioViL-T,XGB,CheXpert,pca95,Pleural_Other,0.591059387966805
BioViL-T,XGB,CheXpert,pca95,Support_Devices,0.6348323260513035
BioViL-T,XGB,CheXpert,pca95,No_Finding,0.6470569105691056
CXR_Foundation,i2,CheXpert,raw,Atelectasis,0.7881264400921658
CXR_Foundation,i2,CheXpert,raw,Cardiomegaly,0.8140311018288553
CXR_Foundation,i2,CheXpert,raw,Consolidation,0.7965545529122232
CXR_Foundation,i2,CheXpert,raw,Edema,0.8701113685071169
CXR_Foundation,i2,CheXpert,raw,Enlarged_Cardiomediastinum,0.6897191697191697
CXR_Foundation,i2,CheXpert,raw,Fracture,0.7079331697628227
CXR_Foundation,i2,CheXpert,raw,Lung_Lesion,0.7507032348804501
CXR_Foundation,i2,CheXpert,raw,Lung_Opacity,0.7441154249226195
CXR_Foundation,i2,CheXpert,raw,Pleural_Effusion,0.916072189694237
CXR_Foundation,i2,CheXpert,raw,Pneumonia,0.7238450327691497
CXR_Foundation,i2,CheXpert,raw,Pneumothorax,0.8448521916411825
CXR_Foundation,i2,CheXpert,raw,Pleural_Other,0.8241377074688796
CXR_Foundation,i2,CheXpert,raw,Support_Devices,0.8714696048494512
CXR_Foundation,i2,CheXpert,raw,No_Finding,0.8125691056910569
CheXFound,XGB,5pct,pca95,Atelectasis,0.6897321428571428
CheXFound,XGB,5pct,pca95,Cardiomegaly,0.7834584556333258
CheXFound,XGB,5pct,pca95,Consolidation,0.6806458712659317
CheXFound,XGB,5pct,pca95,Edema,0.8014816099500762
CheXFound,XGB,5pct,pca95,Enlarged_Cardiomediastinum,0.4851282051282051
CheXFound,XGB,5pct,pca95,Fracture,0.5258441406706391
CheXFound,XGB,5pct,pca95,Lung_Lesion,0.6502505274261604
CheXFound,XGB,5pct,pca95,Lung_Opacity,0.6208866466817773
CheXFound,XGB,5pct,pca95,Pleural_Effusion,0.7920956995760144
CheXFound,XGB,5pct,pca95,Pneumonia,0.5460064554777679
CheXFound,XGB,5pct,pca95,Pneumothorax,0.7449541284403669
CheXFound,XGB,5pct,pca95,Pleural_Other,0.4936300570539419
CheXFound,XGB,5pct,pca95,Support_Devices,0.7447695332674901
CheXFound,XGB,5pct,pca95,No_Finding,0.735669376693767
Early_Fusion,i2,NegBio,raw,Atelectasis,0.7871646828921656
Early_Fusion,i2,NegBio,raw,Cardiomegaly,0.8443627156398484
Early_Fusion,i2,NegBio,raw,Consolidation,0.8104309192419595
Early_Fusion,i2,NegBio,raw,Edema,0.874899879855827
Early_Fusion,i2,NegBio,raw,Enlarged_Cardiomediastinum,0.6783882783882783
Early_Fusion,i2,NegBio,raw,Fracture,0.8612109413996206
Early_Fusion,i2,NegBio,raw,Lung_Lesion,0.8323879559670874
Early_Fusion,i2,NegBio,raw,Lung_Opacity,0.7584253199179447
Early_Fusion,i2,NegBio,raw,Pleural_Effusion,0.930894539675332
Early_Fusion,i2,NegBio,raw,Pneumonia,0.7907876004592422
Early_Fusion,i2,NegBio,raw,Pneumothorax,0.9073734284743459
Early_Fusion,i2,NegBio,raw,Pleural_Other,0.8270870700777242
Early_Fusion,i2,NegBio,raw,Support_Devices,0.9058185993111366
Early_Fusion,i2,NegBio,raw,No_Finding,0.8284760948007217
MedSigLIP,XGB,CheXpert,l2,Atelectasis,0.7919966877880183
MedSigLIP,XGB,CheXpert,l2,Cardiomegaly,0.8305909911944006
MedSigLIP,XGB,CheXpert,l2,Consolidation,0.7555573340803138
MedSigLIP,XGB,CheXpert,l2,Edema,0.864004063278124
MedSigLIP,XGB,CheXpert,l2,Enlarged_Cardiomediastinum,0.7118437118437118
MedSigLIP,XGB,CheXpert,l2,Fracture,0.6742142773688515
MedSigLIP,XGB,CheXpert,l2,Lung_Lesion,0.719431258790436
MedSigLIP,XGB,CheXpert,l2,Lung_Opacity,0.7312324827569399
MedSigLIP,XGB,CheXpert,l2,Pleural_Effusion,0.9131783206586357
MedSigLIP,XGB,CheXpert,l2,Pneumonia,0.7218779896819649
MedSigLIP,XGB,CheXpert,l2,Pneumothorax,0.8525314305130818
MedSigLIP,XGB,CheXpert,l2,Pleural_Other,0.7891273340248963
MedSigLIP,XGB,CheXpert,l2,Support_Devices,0.7667198245788897
MedSigLIP,XGB,CheXpert,l2,No_Finding,0.8071111111111111
CXR_Foundation,LR,CheXpert,l2,Atelectasis,0.7953179003456221
CXR_Foundation,LR,CheXpert,l2,Cardiomegaly,0.829377398961391
CXR_Foundation,LR,CheXpert,l2,Consolidation,0.8043978470957803
CXR_Foundation,LR,CheXpert,l2,Edema,0.8544404940351573
CXR_Foundation,LR,CheXpert,l2,Enlarged_Cardiomediastinum,0.6485470085470086
CXR_Foundation,LR,CheXpert,l2,Fracture,0.6431592475756513
CXR_Foundation,LR,CheXpert,l2,Lung_Lesion,0.7273426511954992
CXR_Foundation,LR,CheXpert,l2,Lung_Opacity,0.7423411566864078
CXR_Foundation,LR,CheXpert,l2,Pleural_Effusion,0.8998811046055141
CXR_Foundation,LR,CheXpert,l2,Pneumonia,0.7245603211644897
CXR_Foundation,LR,CheXpert,l2,Pneumothorax,0.8697927285083248
CXR_Foundation,LR,CheXpert,l2,Pleural_Other,0.7511670124481328
CXR_Foundation,LR,CheXpert,l2,Support_Devices,0.863024745612207
CXR_Foundation,LR,CheXpert,l2,No_Finding,0.7982872628726287
EVA-X,i2,CheXpert,raw,Atelectasis,0.7803229406682028
EVA-X,i2,CheXpert,raw,Cardiomegaly,0.8359604312485889
EVA-X,i2,CheXpert,raw,Consolidation,0.7503151323555893
EVA-X,i2,CheXpert,raw,Edema,0.879947474697422
EVA-X,i2,CheXpert,raw,Enlarged_Cardiomediastinum,0.6278388278388278
EVA-X,i2,CheXpert,raw,Fracture,0.6733496903843907
EVA-X,i2,CheXpert,raw,Lung_Lesion,0.6642492967651195
EVA-X,i2,CheXpert,raw,Lung_Opacity,0.7283858545977431
EVA-X,i2,CheXpert,raw,Pleural_Effusion,0.9083383807793256
EVA-X,i2,CheXpert,raw,Pneumonia,0.7038616632243412
EVA-X,i2,CheXpert,raw,Pneumothorax,0.9121304791029562
EVA-X,i2,CheXpert,raw,Pleural_Other,0.7971343360995851
EVA-X,i2,CheXpert,raw,Support_Devices,0.8282395368012831
EVA-X,i2,CheXpert,raw,No_Finding,0.799550135501355
MedSigLIP,LR,CheXpert,pca95,Atelectasis,0.797406033986175
MedSigLIP,LR,CheXpert,pca95,Cardiomegaly,0.8305557123504178
MedSigLIP,LR,CheXpert,pca95,Consolidation,0.7832489645651174
MedSigLIP,LR,CheXpert,pca95,Edema,0.8463882660456128
MedSigLIP,LR,CheXpert,pca95,Enlarged_Cardiomediastinum,0.7455921855921857
MedSigLIP,LR,CheXpert,pca95,Fracture,0.7269540834209604
MedSigLIP,LR,CheXpert,pca95,Lung_Lesion,0.7345068565400844
MedSigLIP,LR,CheXpert,pca95,Lung_Opacity,0.7391094538275937
MedSigLIP,LR,CheXpert,pca95,Pleural_Effusion,0.9047098279381743
MedSigLIP,LR,CheXpert,pca95,Pneumonia,0.737918331947462
MedSigLIP,LR,CheXpert,pca95,Pneumothorax,0.9028882093102277
MedSigLIP,LR,CheXpert,pca95,Pleural_Other,0.8156120331950207
MedSigLIP,LR,CheXpert,pca95,Support_Devices,0.8743147612877504
MedSigLIP,LR,CheXpert,pca95,No_Finding,0.7842276422764227
EVA-X,LR,5pct,pca95,Atelectasis,0.7358150921658986
EVA-X,LR,5pct,pca95,Cardiomegaly,0.806488484985324
EVA-X,LR,5pct,pca95,Consolidation,0.6910102242942037
EVA-X,LR,5pct,pca95,Edema,0.8254400852297362
EVA-X,LR,5pct,pca95,Enlarged_Cardiomediastinum,0.6318925518925519
EVA-X,LR,5pct,pca95,Fracture,0.6202827433111345
EVA-X,LR,5pct,pca95,Lung_Lesion,0.6661831926863573
EVA-X,LR,5pct,pca95,Lung_Opacity,0.6661012405254564
EVA-X,LR,5pct,pca95,Pleural_Effusion,0.8654463063911882
EVA-X,LR,5pct,pca95,Pneumonia,0.638797242563236
EVA-X,LR,5pct,pca95,Pneumothorax,0.9044512402310567
EVA-X,LR,5pct,pca95,Pleural_Other,0.7879279045643154
EVA-X,LR,5pct,pca95,Support_Devices,0.7645497132191043
EVA-X,LR,5pct,pca95,No_Finding,0.7213252032520325
CXR_Foundation,LR,CheXpert,raw,Atelectasis,0.7932477678571428
CXR_Foundation,LR,CheXpert,raw,Cardiomegaly,0.8290740009031384
CXR_Foundation,LR,CheXpert,raw,Consolidation,0.7794673762980452
CXR_Foundation,LR,CheXpert,raw,Edema,0.8572401917669066
CXR_Foundation,LR,CheXpert,raw,Enlarged_Cardiomediastinum,0.6564102564102564
CXR_Foundation,LR,CheXpert,raw,Fracture,0.6989835261128636
CXR_Foundation,LR,CheXpert,raw,Lung_Lesion,0.7400668073136428
CXR_Foundation,LR,CheXpert,raw,Lung_Opacity,0.7358680022422072
CXR_Foundation,LR,CheXpert,raw,Pleural_Effusion,0.9020795477488391
CXR_Foundation,LR,CheXpert,raw,Pneumonia,0.7433724059619288
CXR_Foundation,LR,CheXpert,raw,Pneumothorax,0.853482840638804
CXR_Foundation,LR,CheXpert,raw,Pleural_Other,0.7636151452282158
CXR_Foundation,LR,CheXpert,raw,Support_Devices,0.8677817746889809
CXR_Foundation,LR,CheXpert,raw,No_Finding,0.8126178861788619
EVA-X,LR,1pct,l2,Atelectasis,0.6855918778801843
EVA-X,LR,1pct,l2,Cardiomegaly,0.7901684917588621
EVA-X,LR,1pct,l2,Consolidation,0.657556173592909
EVA-X,LR,1pct,l2,Edema,0.763190168849027
EVA-X,LR,1pct,l2,Enlarged_Cardiomediastinum,0.5683028083028083
EVA-X,LR,1pct,l2,Fracture,0.6338590956887487
EVA-X,LR,1pct,l2,Lung_Lesion,0.6140998593530239
EVA-X,LR,1pct,l2,Lung_Opacity,0.6674758109721917
EVA-X,LR,1pct,l2,Pleural_Effusion,0.8381396235726944
EVA-X,LR,1pct,l2,Pneumonia,0.5549117959997496
EVA-X,LR,1pct,l2,Pneumothorax,0.7915052667346245
EVA-X,LR,1pct,l2,Pleural_Other,0.5101141078838174
EVA-X,LR,1pct,l2,Support_Devices,0.7496171724219167
EVA-X,LR,1pct,l2,No_Finding,0.7195880758807589
CheXFound,s2,1pct,raw,Atelectasis,0.7137456797235024
CheXFound,s2,1pct,raw,Cardiomegaly,0.8178412169790021
CheXFound,s2,1pct,raw,Consolidation,0.6556953920646672
CheXFound,s2,1pct,raw,Edema,0.768368370848457
CheXFound,s2,1pct,raw,Enlarged_Cardiomediastinum,0.6134798534798535
CheXFound,s2,1pct,raw,Fracture,0.6213810024535577
CheXFound,s2,1pct,raw,Lung_Lesion,0.7391657876230662
CheXFound,s2,1pct,raw,Lung_Opacity,0.6511369452365284
CheXFound,s2,1pct,raw,Pleural_Effusion,0.8575162079099088
CheXFound,s2,1pct,raw,Pneumonia,0.6397718230018865
CheXFound,s2,1pct,raw,Pneumothorax,0.7305470608222902
CheXFound,s2,1pct,raw,Pleural_Other,0.5848677385892116
CheXFound,s2,1pct,raw,Support_Devices,0.7343674963529443
CheXFound,s2,1pct,raw,No_Finding,0.7620108401084013
MedSigLIP,XGB,CheXpert,raw,Atelectasis,0.7739190308179724
MedSigLIP,XGB,CheXpert,raw,Cardiomegaly,0.8340835967487017
MedSigLIP,XGB,CheXpert,raw,Consolidation,0.7713839812721343
MedSigLIP,XGB,CheXpert,raw,Edema,0.8603991427474201
MedSigLIP,XGB,CheXpert,raw,Enlarged_Cardiomediastinum,0.7063736263736264
MedSigLIP,XGB,CheXpert,raw,Fracture,0.6145928262647505
MedSigLIP,XGB,CheXpert,raw,Lung_Lesion,0.7218486286919831
MedSigLIP,XGB,CheXpert,raw,Lung_Opacity,0.7310813774950646
MedSigLIP,XGB,CheXpert,raw,Pleural_Effusion,0.9130437220988402
MedSigLIP,XGB,CheXpert,raw,Pneumonia,0.6809813756784063
MedSigLIP,XGB,CheXpert,raw,Pneumothorax,0.8377845735643901
MedSigLIP,XGB,CheXpert,raw,Pleural_Other,0.7998897821576764
MedSigLIP,XGB,CheXpert,raw,Support_Devices,0.7642642914744977
MedSigLIP,XGB,CheXpert,raw,No_Finding,0.8073712737127373
CheXagent,s2,1pct,raw,Atelectasis,0.759828629032258
CheXagent,s2,1pct,raw,Cardiomegaly,0.840123334838564
CheXagent,s2,1pct,raw,Consolidation,0.7319874347225835
CheXagent,s2,1pct,raw,Edema,0.8539573603557846
CheXagent,s2,1pct,raw,Enlarged_Cardiomediastinum,0.6253968253968254
CheXagent,s2,1pct,raw,Fracture,0.765136114032013
CheXagent,s2,1pct,raw,Lung_Lesion,0.7372099156118144
CheXagent,s2,1pct,raw,Lung_Opacity,0.7420389461626574
CheXagent,s2,1pct,raw,Pleural_Effusion,0.9115350965744667
CheXagent,s2,1pct,raw,Pneumonia,0.7571148842573965
CheXagent,s2,1pct,raw,Pneumothorax,0.9015970098538907
CheXagent,s2,1pct,raw,Pleural_Other,0.6395228215767634
CheXagent,s2,1pct,raw,Support_Devices,0.8544892762973098
CheXagent,s2,1pct,raw,No_Finding,0.8095880758807588
CXR_Foundation,XGB,5pct,pca95,Atelectasis,0.7708453341013825
CXR_Foundation,XGB,5pct,pca95,Cardiomegaly,0.755143655452698
CXR_Foundation,XGB,5pct,pca95,Consolidation,0.7023349806918905
CXR_Foundation,XGB,5pct,pca95,Edema,0.8474660257919057
CXR_Foundation,XGB,5pct,pca95,Enlarged_Cardiomediastinum,0.5576556776556777
CXR_Foundation,XGB,5pct,pca95,Fracture,0.6199205514662928
CXR_Foundation,XGB,5pct,pca95,Lung_Lesion,0.6766877637130801
CXR_Foundation,XGB,5pct,pca95,Lung_Opacity,0.7084594574833663
CXR_Foundation,XGB,5pct,pca95,Pleural_Effusion,0.8937176122215493
CXR_Foundation,XGB,5pct,pca95,Pneumonia,0.6721833284157256
CXR_Foundation,XGB,5pct,pca95,Pneumothorax,0.8016309887869522
CXR_Foundation,XGB,5pct,pca95,Pleural_Other,0.5436332987551867
CXR_Foundation,XGB,5pct,pca95,Support_Devices,0.7577675489067894
CXR_Foundation,XGB,5pct,pca95,No_Finding,0.7647452574525745
CheXagent,i4,10pct,raw,Atelectasis,0.6983141460578921
CheXagent,i4,10pct,raw,Cardiomegaly,0.7528449004258535
CheXagent,i4,10pct,raw,Consolidation,0.6635009892115002
CheXagent,i4,10pct,raw,Edema,0.7805323439824361
CheXagent,i4,10pct,raw,Enlarged_Cardiomediastinum,0.6805750834060504
CheXagent,i4,10pct,raw,Fracture,0.7524073944793687
CheXagent,i4,10pct,raw,Lung_Lesion,0.6153714025834955
CheXagent,i4,10pct,raw,Lung_Opacity,0.6917909412697935
CheXagent,i4,10pct,raw,Pleural_Effusion,0.8046202439799466
CheXagent,i4,10pct,raw,Pneumonia,0.7294642802498958
CheXagent,i4,10pct,raw,Pneumothorax,0.7289360614007434
CheXagent,i4,10pct,raw,Pleural_Other,0.74822539931002
CheXagent,i4,10pct,raw,Support_Devices,0.7879171332474679
CheXagent,i4,10pct,raw,No_Finding,0.8238021680216803
Early_Fusion,i2,5pct,raw,Atelectasis,0.794444844470046
Early_Fusion,i2,5pct,raw,Cardiomegaly,0.8400316098442087
Early_Fusion,i2,5pct,raw,Consolidation,0.7380699893955461
Early_Fusion,i2,5pct,raw,Edema,0.8767265835016043
Early_Fusion,i2,5pct,raw,Enlarged_Cardiomediastinum,0.6792185592185592
Early_Fusion,i2,5pct,raw,Fracture,0.8175721462787708
Early_Fusion,i2,5pct,raw,Lung_Lesion,0.7421105836849506
Early_Fusion,i2,5pct,raw,Lung_Opacity,0.7327484097389779
Early_Fusion,i2,5pct,raw,Pleural_Effusion,0.9181921170110148
Early_Fusion,i2,5pct,raw,Pneumonia,0.7334835438963547
Early_Fusion,i2,5pct,raw,Pneumothorax,0.9188583078491335
Early_Fusion,i2,5pct,raw,Pleural_Other,0.7417984958506224
Early_Fusion,i2,5pct,raw,Support_Devices,0.8375814358072905
Early_Fusion,i2,5pct,raw,No_Finding,0.7922655826558265
BioViL-T,XGB,1pct,l2,Atelectasis,0.6098790322580645
BioViL-T,XGB,1pct,l2,Cardiomegaly,0.6851363174531496
BioViL-T,XGB,1pct,l2,Consolidation,0.4508493567298265
BioViL-T,XGB,1pct,l2,Edema,0.6630204526590934
BioViL-T,XGB,1pct,l2,Enlarged_Cardiomediastinum,0.5893040293040293
BioViL-T,XGB,1pct,l2,Fracture,0.5598551232620633
BioViL-T,XGB,1pct,l2,Lung_Lesion,0.593739011954993
BioViL-T,XGB,1pct,l2,Lung_Opacity,0.5038775559942483
BioViL-T,XGB,1pct,l2,Pleural_Effusion,0.7242748502591022
BioViL-T,XGB,1pct,l2,Pneumonia,0.4816752054218861
BioViL-T,XGB,1pct,l2,Pneumothorax,0.7192660550458716
BioViL-T,XGB,1pct,l2,Pleural_Other,0.59080005186722
BioViL-T,XGB,1pct,l2,Support_Devices,0.6280229787156928
BioViL-T,XGB,1pct,l2,No_Finding,0.6671382113821138
CheXagent,XGB,10pct,l2,Atelectasis,0.7656069988479264
CheXagent,XGB,10pct,l2,Cardiomegaly,0.8447095845563332
CheXagent,XGB,10pct,l2,Consolidation,0.7935733007863303
CheXagent,XGB,10pct,l2,Edema,0.8603991427474202
CheXagent,XGB,10pct,l2,Enlarged_Cardiomediastinum,0.6529426129426129
CheXagent,XGB,10pct,l2,Fracture,0.7328426218016124
CheXagent,XGB,10pct,l2,Lung_Lesion,0.6703696378340366
CheXagent,XGB,10pct,l2,Lung_Opacity,0.7533230971704321
CheXagent,XGB,10pct,l2,Pleural_Effusion,0.9254996971532404
CheXagent,XGB,10pct,l2,Pneumonia,0.7388750301762292
CheXagent,XGB,10pct,l2,Pneumothorax,0.9113829425756031
CheXagent,XGB,10pct,l2,Pleural_Other,0.7932929201244814
CheXagent,XGB,10pct,l2,Support_Devices,0.8581227404111884
CheXagent,XGB,10pct,l2,No_Finding,0.8120433604336044
CheXFound,LR,CheXpert,raw,Atelectasis,0.7629068260368664
CheXFound,LR,CheXpert,raw,Cardiomegaly,0.8411111424700835
CheXFound,LR,CheXpert,raw,Consolidation,0.7846495528121811
CheXFound,LR,CheXpert,raw,Edema,0.8504763202556892
CheXFound,LR,CheXpert,raw,Enlarged_Cardiomediastinum,0.7374358974358973
CheXFound,LR,CheXpert,raw,Fracture,0.7041476808038323
CheXFound,LR,CheXpert,raw,Lung_Lesion,0.7820850914205346
CheXFound,LR,CheXpert,raw,Lung_Opacity,0.7251639004655017
CheXFound,LR,CheXpert,raw,Pleural_Effusion,0.9065942077753102
CheXFound,LR,CheXpert,raw,Pneumonia,0.692765751991631
CheXFound,LR,CheXpert,raw,Pneumothorax,0.8457356439007815
CheXFound,LR,CheXpert,raw,Pleural_Other,0.8136994294605809
CheXFound,LR,CheXpert,raw,Support_Devices,0.8092748475485444
CheXFound,LR,CheXpert,raw,No_Finding,0.7980813008130081
MedSigLIP,LR,NegBio,pca95,Atelectasis,0.7972819328477526
MedSigLIP,LR,NegBio,pca95,Cardiomegaly,0.8334495164379061
MedSigLIP,LR,NegBio,pca95,Consolidation,0.7954706298655344
MedSigLIP,LR,NegBio,pca95,Edema,0.84890618742491
MedSigLIP,LR,NegBio,pca95,Enlarged_Cardiomediastinum,0.7463247863247864
MedSigLIP,LR,NegBio,pca95,Fracture,0.7770040930418288
MedSigLIP,LR,NegBio,pca95,Lung_Lesion,0.7351747640293254
MedSigLIP,LR,NegBio,pca95,Lung_Opacity,0.7368906906320211
MedSigLIP,LR,NegBio,pca95,Pleural_Effusion,0.9041434896128959
MedSigLIP,LR,NegBio,pca95,Pneumonia,0.7393800229621126
MedSigLIP,LR,NegBio,pca95,Pneumothorax,0.9014610941216447
MedSigLIP,LR,NegBio,pca95,Pleural_Other,0.8239718052802165
MedSigLIP,LR,NegBio,pca95,Support_Devices,0.8755729047072331
MedSigLIP,LR,NegBio,pca95,No_Finding,0.7801095825815975
MedSigLIP,LR,10pct,l2,Atelectasis,0.7798729118663594
MedSigLIP,LR,10pct,l2,Cardiomegaly,0.8212773763829307
MedSigLIP,LR,10pct,l2,Consolidation,0.7627403509473979
MedSigLIP,LR,10pct,l2,Edema,0.8363663392093951
MedSigLIP,LR,10pct,l2,Enlarged_Cardiomediastinum,0.5698168498168498
MedSigLIP,LR,10pct,l2,Fracture,0.7339408809440355
MedSigLIP,LR,10pct,l2,Lung_Lesion,0.7295182841068917
MedSigLIP,LR,10pct,l2,Lung_Opacity,0.731515195827545
MedSigLIP,LR,10pct,l2,Pleural_Effusion,0.9060445969894789
MedSigLIP,LR,10pct,l2,Pneumonia,0.7049077725025257
MedSigLIP,LR,10pct,l2,Pneumothorax,0.8814135236153585
MedSigLIP,LR,10pct,l2,Pleural_Other,0.7001102178423236
MedSigLIP,LR,10pct,l2,Support_Devices,0.8425559290704312
MedSigLIP,LR,10pct,l2,No_Finding,0.7924336043360434
CheXagent,i2,5pct,raw,Atelectasis,0.7726724510368662
CheXagent,i2,5pct,raw,Cardiomegaly,0.8518641341160532
CheXagent,i2,5pct,raw,Consolidation,0.7815082334580524
CheXagent,i2,5pct,raw,Edema,0.8616131709673822
CheXagent,i2,5pct,raw,Enlarged_Cardiomediastinum,0.6077167277167277
CheXagent,i2,5pct,raw,Fracture,0.8198153989952097
CheXagent,i2,5pct,raw,Lung_Lesion,0.7821729957805907
CheXagent,i2,5pct,raw,Lung_Opacity,0.7496088323462748
CheXagent,i2,5pct,raw,Pleural_Effusion,0.9291899410009646
CheXagent,i2,5pct,raw,Pneumonia,0.775032858560661
CheXagent,i2,5pct,raw,Pneumothorax,0.9211009174311927
CheXagent,i2,5pct,raw,Pleural_Other,0.8524053423236515
CheXagent,i2,5pct,raw,Support_Devices,0.8821887770357819
CheXagent,i2,5pct,raw,No_Finding,0.8174742547425474
CheXagent,s4,10pct,raw,Atelectasis,0.7078123780010632
CheXagent,s4,10pct,raw,Cardiomegaly,0.7619339540734394
CheXagent,s4,10pct,raw,Consolidation,0.6606027225260819
CheXagent,s4,10pct,raw,Edema,0.7902609279298887
CheXagent,s4,10pct,raw,Enlarged_Cardiomediastinum,0.728500276447203
CheXagent,s4,10pct,raw,Fracture,0.6776047887129473
CheXagent,s4,10pct,raw,Lung_Lesion,0.6860308348960993
CheXagent,s4,10pct,raw,Lung_Opacity,0.7045553772226943
CheXagent,s4,10pct,raw,Pleural_Effusion,0.7935618491784264
CheXagent,s4,10pct,raw,Pneumonia,0.7463684052654549
CheXagent,s4,10pct,raw,Pneumothorax,0.785806721020955
CheXagent,s4,10pct,raw,Pleural_Other,0.799790732847788
CheXagent,s4,10pct,raw,Support_Devices,0.9040753745570016
CheXagent,s4,10pct,raw,No_Finding,0.8247831978319783
EVA-X,s2,CheXpert,raw,Atelectasis,0.7795758928571429
EVA-X,s2,CheXpert,raw,Cardiomegaly,0.8336955294648905
EVA-X,s2,CheXpert,raw,Consolidation,0.7718441745533123
EVA-X,s2,CheXpert,raw,Edema,0.8919019362511305
EVA-X,s2,CheXpert,raw,Enlarged_Cardiomediastinum,0.642051282051282
EVA-X,s2,CheXpert,raw,Fracture,0.6998247458815282
EVA-X,s2,CheXpert,raw,Lung_Lesion,0.7205959915611814
EVA-X,s2,CheXpert,raw,Lung_Opacity,0.7240232994565085
EVA-X,s2,CheXpert,raw,Pleural_Effusion,0.908770217825336
EVA-X,s2,CheXpert,raw,Pneumonia,0.7265899519862665
EVA-X,s2,CheXpert,raw,Pneumothorax,0.9022765885151206
EVA-X,s2,CheXpert,raw,Pleural_Other,0.7697743775933611
EVA-X,s2,CheXpert,raw,Support_Devices,0.8352165127805514
EVA-X,s2,CheXpert,raw,No_Finding,0.7991327913279133
EVA-X,XGB,CheXpert,pca95,Atelectasis,0.7181739631336406
EVA-X,XGB,CheXpert,pca95,Cardiomegaly,0.8190477534432151
EVA-X,XGB,CheXpert,pca95,Consolidation,0.7293263170531624
EVA-X,XGB,CheXpert,pca95,Edema,0.8292184383632917
EVA-X,XGB,CheXpert,pca95,Enlarged_Cardiomediastinum,0.6436630036630037
EVA-X,XGB,CheXpert,pca95,Fracture,0.6220352844958523
EVA-X,XGB,CheXpert,pca95,Lung_Lesion,0.6669303797468356
EVA-X,XGB,CheXpert,pca95,Lung_Opacity,0.6760376300845702
EVA-X,XGB,CheXpert,pca95,Pleural_Effusion,0.878737914170985
EVA-X,XGB,CheXpert,pca95,Pneumonia,0.6571443899037043
EVA-X,XGB,CheXpert,pca95,Pneumothorax,0.8695208970438328
EVA-X,XGB,CheXpert,pca95,Pleural_Other,0.6881483402489627
EVA-X,XGB,CheXpert,pca95,Support_Devices,0.7221713799008724
EVA-X,XGB,CheXpert,pca95,No_Finding,0.773620596205962
CXR_Foundation,s4,CheXpert,raw,Atelectasis,0.694770391609109
CXR_Foundation,s4,CheXpert,raw,Cardiomegaly,0.768989239457023
CXR_Foundation,s4,CheXpert,raw,Consolidation,0.6770876948849054
CXR_Foundation,s4,CheXpert,raw,Edema,0.7896242889685932
CXR_Foundation,s4,CheXpert,raw,Enlarged_Cardiomediastinum,0.7306617515869319
CXR_Foundation,s4,CheXpert,raw,Fracture,0.6160908476260945
CXR_Foundation,s4,CheXpert,raw,Lung_Lesion,0.6565143522507062
CXR_Foundation,s4,CheXpert,raw,Lung_Opacity,0.7022806606303224
CXR_Foundation,s4,CheXpert,raw,Pleural_Effusion,0.7950895345228343
CXR_Foundation,s4,CheXpert,raw,Pneumonia,0.7356818968879075
CXR_Foundation,s4,CheXpert,raw,Pneumothorax,0.7907427685948317
CXR_Foundation,s4,CheXpert,raw,Pleural_Other,0.790861420737684
CXR_Foundation,s4,CheXpert,raw,Support_Devices,0.8345746668647489
CXR_Foundation,s4,CheXpert,raw,No_Finding,0.8109593495934959
Early_Fusion,i2,10pct,raw,Atelectasis,0.7871543778801843
Early_Fusion,i2,10pct,raw,Cardiomegaly,0.8403632309776473
Early_Fusion,i2,10pct,raw,Consolidation,0.7078773084695572
Early_Fusion,i2,10pct,raw,Edema,0.8582312352117736
Early_Fusion,i2,10pct,raw,Enlarged_Cardiomediastinum,0.6005372405372406
Early_Fusion,i2,10pct,raw,Fracture,0.7731043346185302
Early_Fusion,i2,10pct,raw,Lung_Lesion,0.7598892405063291
Early_Fusion,i2,10pct,raw,Lung_Opacity,0.7375691550291243
Early_Fusion,i2,10pct,raw,Pleural_Effusion,0.9231554389034704
Early_Fusion,i2,10pct,raw,Pneumonia,0.7368722226692775
Early_Fusion,i2,10pct,raw,Pneumothorax,0.909616038056405
Early_Fusion,i2,10pct,raw,Pleural_Other,0.7808609958506224
Early_Fusion,i2,10pct,raw,Support_Devices,0.8802406603662458
Early_Fusion,i2,10pct,raw,No_Finding,0.8046016260162601
CheXFound,i4,1pct,raw,Atelectasis,0.5482190619680717
CheXFound,i4,1pct,raw,Cardiomegaly,0.6557859446481458
CheXFound,i4,1pct,raw,Consolidation,0.5689170503029193
CheXFound,i4,1pct,raw,Edema,0.6832969419656404
CheXFound,i4,1pct,raw,Enlarged_Cardiomediastinum,0.5981936126818004
CheXFound,i4,1pct,raw,Fracture,0.6977186936171895
CheXFound,i4,1pct,raw,Lung_Lesion,0.6307859981656034
CheXFound,i4,1pct,raw,Lung_Opacity,0.6005041193092073
CheXFound,i4,1pct,raw,Pleural_Effusion,0.6718944799341178
CheXFound,i4,1pct,raw,Pneumonia,0.593428849604763
CheXFound,i4,1pct,raw,Pneumothorax,0.6452322329648162
CheXFound,i4,1pct,raw,Pleural_Other,0.5575727643575988
CheXFound,i4,1pct,raw,Support_Devices,0.6198416936056466
CheXFound,i4,1pct,raw,No_Finding,0.7565230352303522
CheXFound,i4,NegBio,raw,Atelectasis,0.6611956829912289
CheXFound,i4,NegBio,raw,Cardiomegaly,0.7281833746898536
CheXFound,i4,NegBio,raw,Consolidation,0.6762886424280132
CheXFound,i4,NegBio,raw,Edema,0.7561328720780104
CheXFound,i4,NegBio,raw,Enlarged_Cardiomediastinum,0.6809838063791251
CheXFound,i4,NegBio,raw,Fracture,0.5352336277411486
CheXFound,i4,NegBio,raw,Lung_Lesion,0.5838719640786029
CheXFound,i4,NegBio,raw,Lung_Opacity,0.6459097528791627
CheXFound,i4,NegBio,raw,Pleural_Effusion,0.7511186771408963
CheXFound,i4,NegBio,raw,Pneumonia,0.6784918216224545
CheXFound,i4,NegBio,raw,Pneumothorax,0.7361674578138857
CheXFound,i4,NegBio,raw,Pleural_Other,0.707431192918356
CheXFound,i4,NegBio,raw,Support_Devices,0.7785652331076335
CheXFound,i4,NegBio,raw,No_Finding,0.8044120059045432
CheXagent,LR,10pct,raw,Atelectasis,0.7603326612903226
CheXagent,LR,10pct,raw,Cardiomegaly,0.8360803793181305
CheXagent,LR,10pct,raw,Consolidation,0.7786870485603954
CheXagent,LR,10pct,raw,Edema,0.8590860101829714
CheXagent,LR,10pct,raw,Enlarged_Cardiomediastinum,0.6606593406593406
CheXagent,LR,10pct,raw,Fracture,0.8075008762705923
CheXagent,LR,10pct,raw,Lung_Lesion,0.7802390998593529
CheXagent,LR,10pct,raw,Lung_Opacity,0.754702541980454
CheXagent,LR,10pct,raw,Pleural_Effusion,0.92463602306122
CheXagent,LR,10pct,raw,Pneumonia,0.764607530198582
CheXagent,LR,10pct,raw,Pneumothorax,0.9044512402310566
CheXagent,LR,10pct,raw,Pleural_Other,0.7880575726141079
CheXagent,LR,10pct,raw,Support_Devices,0.89443019852668
CheXagent,LR,10pct,raw,No_Finding,0.8137940379403795
BioViL-T,XGB,1pct,raw,Atelectasis,0.5920533914170507
BioViL-T,XGB,1pct,raw,Cardiomegaly,0.6396971664032514
BioViL-T,XGB,1pct,raw,Consolidation,0.4830328738069989
BioViL-T,XGB,1pct,raw,Edema,0.640771527321829
BioViL-T,XGB,1pct,raw,Enlarged_Cardiomediastinum,0.5364835164835164
BioViL-T,XGB,1pct,raw,Fracture,0.5758266152587919
BioViL-T,XGB,1pct,raw,Lung_Lesion,0.5457432313642756
BioViL-T,XGB,1pct,raw,Lung_Opacity,0.5212644098364652
BioViL-T,XGB,1pct,raw,Pleural_Effusion,0.6809397222783049
BioViL-T,XGB,1pct,raw,Pneumonia,0.5035987947390539
BioViL-T,XGB,1pct,raw,Pneumothorax,0.58800543662929
BioViL-T,XGB,1pct,raw,Pleural_Other,0.471910658713693
BioViL-T,XGB,1pct,raw,Support_Devices,0.6300888884861773
BioViL-T,XGB,1pct,raw,No_Finding,0.6559132791327913
CXR_Foundation,XGB,CheXpert,pca95,Atelectasis,0.776938724078341
CXR_Foundation,XGB,CheXpert,pca95,Cardiomegaly,0.766457580717995
CXR_Foundation,XGB,CheXpert,pca95,Consolidation,0.7584185357850297
CXR_Foundation,XGB,CheXpert,pca95,Edema,0.8692442054928582
CXR_Foundation,XGB,CheXpert,pca95,Enlarged_Cardiomediastinum,0.6420024420024419
CXR_Foundation,XGB,CheXpert,pca95,Fracture,0.583596214511041
CXR_Foundation,XGB,CheXpert,pca95,Lung_Lesion,0.6983122362869197
CXR_Foundation,XGB,CheXpert,pca95,Lung_Opacity,0.7012990178157978
CXR_Foundation,XGB,CheXpert,pca95,Pleural_Effusion,0.9029656549341588
CXR_Foundation,XGB,CheXpert,pca95,Pneumonia,0.6964047817029229
CXR_Foundation,XGB,CheXpert,pca95,Pneumothorax,0.74570166496772
CXR_Foundation,XGB,CheXpert,pca95,Pleural_Other,0.7837136929460582
CXR_Foundation,XGB,CheXpert,pca95,Support_Devices,0.8394117593758779
CXR_Foundation,XGB,CheXpert,pca95,No_Finding,0.7692520325203253
MedSigLIP,LR,5pct,raw,Atelectasis,0.751548099078341
MedSigLIP,LR,5pct,raw,Cardiomegaly,0.8135442537818921
MedSigLIP,LR,5pct,raw,Consolidation,0.7576382080473799
MedSigLIP,LR,5pct,raw,Edema,0.7875698375927555
MedSigLIP,LR,5pct,raw,Enlarged_Cardiomediastinum,0.5996581196581197
MedSigLIP,LR,5pct,raw,Fracture,0.6616193480546793
MedSigLIP,LR,5pct,raw,Lung_Lesion,0.6913677918424754
MedSigLIP,LR,5pct,raw,Lung_Opacity,0.7159123589481124
MedSigLIP,LR,5pct,raw,Pleural_Effusion,0.8964039751441326
MedSigLIP,LR,5pct,raw,Pneumonia,0.6829215954507658
MedSigLIP,LR,5pct,raw,Pneumothorax,0.8029221882432892
MedSigLIP,LR,5pct,raw,Pleural_Other,0.819826244813278
MedSigLIP,LR,5pct,raw,Support_Devices,0.8304957277348388
MedSigLIP,LR,5pct,raw,No_Finding,0.7920216802168022
Early_Fusion,LR,1pct,raw,Atelectasis,0.7525111607142858
Early_Fusion,LR,1pct,raw,Cardiomegaly,0.7903096071347935
Early_Fusion,LR,1pct,raw,Consolidation,0.7276456111566858
Early_Fusion,LR,1pct,raw,Edema,0.8227642679285954
Early_Fusion,LR,1pct,raw,Enlarged_Cardiomediastinum,0.6218315018315018
Early_Fusion,LR,1pct,raw,Fracture,0.6162402149783853
Early_Fusion,LR,1pct,raw,Lung_Lesion,0.66987517580872
Early_Fusion,LR,1pct,raw,Lung_Opacity,0.7155516560649265
Early_Fusion,LR,1pct,raw,Pleural_Effusion,0.8855295331673285
Early_Fusion,LR,1pct,raw,Pneumonia,0.6308933057947301
Early_Fusion,LR,1pct,raw,Pneumothorax,0.854026503567788
Early_Fusion,LR,1pct,raw,Pleural_Other,0.6160853215767634
Early_Fusion,LR,1pct,raw,Support_Devices,0.8251406721455561
Early_Fusion,LR,1pct,raw,No_Finding,0.7934742547425475
EVA-X,s4,10pct,raw,Atelectasis,0.6431071193669999
EVA-X,s4,10pct,raw,Cardiomegaly,0.739392813520468
EVA-X,s4,10pct,raw,Consolidation,0.6490005052057506
EVA-X,s4,10pct,raw,Edema,0.7742827639648557
EVA-X,s4,10pct,raw,Enlarged_Cardiomediastinum,0.6807122893725169
EVA-X,s4,10pct,raw,Fracture,0.6285677663008954
EVA-X,s4,10pct,raw,Lung_Lesion,0.6236759182492692
EVA-X,s4,10pct,raw,Lung_Opacity,0.6717928220204882
EVA-X,s4,10pct,raw,Pleural_Effusion,0.7640330962480782
EVA-X,s4,10pct,raw,Pneumonia,0.7027022678506829
EVA-X,s4,10pct,raw,Pneumothorax,0.7208642151031085
EVA-X,s4,10pct,raw,Pleural_Other,0.7349787083801637
EVA-X,s4,10pct,raw,Support_Devices,0.7176628866583219
EVA-X,s4,10pct,raw,No_Finding,0.7883414634146342
CheXagent,LR,5pct,l2,Atelectasis,0.7462737615207373
CheXagent,LR,5pct,l2,Cardiomegaly,0.8287141566945135
CheXagent,LR,5pct,l2,Consolidation,0.7806278637027553
CheXagent,LR,5pct,l2,Edema,0.8467351312513163
CheXagent,LR,5pct,l2,Enlarged_Cardiomediastinum,0.6207081807081807
CheXagent,LR,5pct,l2,Fracture,0.7600887954200256
CheXagent,LR,5pct,l2,Lung_Lesion,0.7346606891701829
CheXagent,LR,5pct,l2,Lung_Opacity,0.7523384757866003
CheXagent,LR,5pct,l2,Pleural_Effusion,0.886421248625973
CheXagent,LR,5pct,l2,Pneumonia,0.7587064009370278
CheXagent,LR,5pct,l2,Pneumothorax,0.9109751953788652
CheXagent,LR,5pct,l2,Pleural_Other,0.7742479253112033
CheXagent,LR,5pct,l2,Support_Devices,0.8571350905647726
CheXagent,LR,5pct,l2,No_Finding,0.7843902439024389
EVA-X,LR,10pct,pca95,Atelectasis,0.7364901353686635
EVA-X,LR,10pct,pca95,Cardiomegaly,0.8157950440279972
EVA-X,LR,10pct,pca95,Consolidation,0.739930770923788
EVA-X,LR,10pct,pca95,Edema,0.8413958846920951
EVA-X,LR,10pct,pca95,Enlarged_Cardiomediastinum,0.6088888888888888
EVA-X,LR,10pct,pca95,Fracture,0.5995326556840752
EVA-X,LR,10pct,pca95,Lung_Lesion,0.676929500703235
EVA-X,LR,10pct,pca95,Lung_Opacity,0.6996466086617437
EVA-X,LR,10pct,pca95,Pleural_Effusion,0.8477914619646902
EVA-X,LR,10pct,pca95,Pneumonia,0.6614092969609183
EVA-X,LR,10pct,pca95,Pneumothorax,0.8601427115188583
EVA-X,LR,10pct,pca95,Pleural_Other,0.7865988070539419
EVA-X,LR,10pct,pca95,Support_Devices,0.7743084185823148
EVA-X,LR,10pct,pca95,No_Finding,0.7279403794037942
BioViL-T,XGB,NegBio,pca95,Atelectasis,0.6055338426008172
BioViL-T,XGB,NegBio,pca95,Cardiomegaly,0.6548119836862896
BioViL-T,XGB,NegBio,pca95,Consolidation,0.4004285601950146
BioViL-T,XGB,NegBio,pca95,Edema,0.6725820985182219
BioViL-T,XGB,NegBio,pca95,Enlarged_Cardiomediastinum,0.5964346764346764
BioViL-T,XGB,NegBio,pca95,Fracture,0.5348657282619547
BioViL-T,XGB,NegBio,pca95,Lung_Lesion,0.5146739008586867
BioViL-T,XGB,NegBio,pca95,Lung_Opacity,0.5595780013675881
BioViL-T,XGB,NegBio,pca95,Pleural_Effusion,0.6682937904415938
BioViL-T,XGB,NegBio,pca95,Pneumonia,0.51851205510907
BioViL-T,XGB,NegBio,pca95,Pneumothorax,0.6955147808358818
BioViL-T,XGB,NegBio,pca95,Pleural_Other,0.6053683249944932
BioViL-T,XGB,NegBio,pca95,Support_Devices,0.6469896670493684
BioViL-T,XGB,NegBio,pca95,No_Finding,0.6463527144497294
CheXFound,s4,10pct,raw,Atelectasis,0.6449217396949134
CheXFound,s4,10pct,raw,Cardiomegaly,0.7245992932375869
CheXFound,s4,10pct,raw,Consolidation,0.6035503415018222
CheXFound,s4,10pct,raw,Edema,0.7734551550042538
CheXFound,s4,10pct,raw,Enlarged_Cardiomediastinum,0.6450305102926726
CheXFound,s4,10pct,raw,Fracture,0.5731602877167445
CheXFound,s4,10pct,raw,Lung_Lesion,0.6561405655344194
CheXFound,s4,10pct,raw,Lung_Opacity,0.6656650853855872
CheXFound,s4,10pct,raw,Pleural_Effusion,0.7433649432381486
CheXFound,s4,10pct,raw,Pneumonia,0.6597316505268054
CheXFound,s4,10pct,raw,Pneumothorax,0.7356624478557399
CheXFound,s4,10pct,raw,Pleural_Other,0.6627370505089872
CheXFound,s4,10pct,raw,Support_Devices,0.8374982783773526
CheXFound,s4,10pct,raw,No_Finding,0.7836517615176152
CXR_Foundation,XGB,1pct,pca95,Atelectasis,0.6902001728110598
CXR_Foundation,XGB,1pct,pca95,Cardiomegaly,0.697773199367803
CXR_Foundation,XGB,1pct,pca95,Consolidation,0.6670101442605894
CXR_Foundation,XGB,1pct,pca95,Edema,0.8092984651214647
CXR_Foundation,XGB,1pct,pca95,Enlarged_Cardiomediastinum,0.4861782661782661
CXR_Foundation,XGB,1pct,pca95,Fracture,0.6566421310900805
CXR_Foundation,XGB,1pct,pca95,Lung_Lesion,0.6136383614627285
CXR_Foundation,XGB,1pct,pca95,Lung_Opacity,0.6404718383661134
CXR_Foundation,XGB,1pct,pca95,Pleural_Effusion,0.8653846153846154
CXR_Foundation,XGB,1pct,pca95,Pneumonia,0.6432946183489356
CXR_Foundation,XGB,1pct,pca95,Pneumothorax,0.6600067957866124
CXR_Foundation,XGB,1pct,pca95,Pleural_Other,0.4417790456431535
CXR_Foundation,XGB,1pct,pca95,Support_Devices,0.774507760753151
CXR_Foundation,XGB,1pct,pca95,No_Finding,0.7421246612466125
CheXagent,s2,NegBio,raw,Atelectasis,0.7818617871735655
CheXagent,s2,NegBio,raw,Cardiomegaly,0.8475757794283791
CheXagent,s2,NegBio,raw,Consolidation,0.8344342219076827
CheXagent,s2,NegBio,raw,Edema,0.886739086904285
CheXagent,s2,NegBio,raw,Enlarged_Cardiomediastinum,0.7178998778998779
CheXagent,s2,NegBio,raw,Fracture,0.8372267145852051
CheXagent,s2,NegBio,raw,Lung_Lesion,0.8099903593928659
CheXagent,s2,NegBio,raw,Lung_Opacity,0.7599540881117516
CheXagent,s2,NegBio,raw,Pleural_Effusion,0.9298047451470087
CheXagent,s2,NegBio,raw,Pneumonia,0.7801239954075775
CheXagent,s2,NegBio,raw,Pneumothorax,0.9440706761807679
CheXagent,s2,NegBio,raw,Pleural_Other,0.8635262280122094
CheXagent,s2,NegBio,raw,Support_Devices,0.9137083811710678
CheXagent,s2,NegBio,raw,No_Finding,0.8239298015417418
BioViL-T,XGB,CheXpert,raw,Atelectasis,0.6240099366359446
BioViL-T,XGB,CheXpert,raw,Cardiomegaly,0.7389012756829985
BioViL-T,XGB,CheXpert,raw,Consolidation,0.570199483783189
BioViL-T,XGB,CheXpert,raw,Edema,0.6710169344548642
BioViL-T,XGB,CheXpert,raw,Enlarged_Cardiomediastinum,0.5885225885225887
BioViL-T,XGB,CheXpert,raw,Fracture,0.5653230517583829
BioViL-T,XGB,CheXpert,raw,Lung_Lesion,0.565225035161744
BioViL-T,XGB,CheXpert,raw,Lung_Opacity,0.5526553094002096
BioViL-T,XGB,CheXpert,raw,Pleural_Effusion,0.7396078695291294
BioViL-T,XGB,CheXpert,raw,Pneumonia,0.5361712400418444
BioViL-T,XGB,CheXpert,raw,Pneumothorax,0.6992184845395855
BioViL-T,XGB,CheXpert,raw,Pleural_Other,0.561008817427386
BioViL-T,XGB,CheXpert,raw,Support_Devices,0.6568596359287079
BioViL-T,XGB,CheXpert,raw,No_Finding,0.6831978319783197
BioViL-T,s4,1pct,raw,Atelectasis,0.46506942499825155
BioViL-T,s4,1pct,raw,Cardiomegaly,0.5932861278934761
BioViL-T,s4,1pct,raw,Consolidation,0.4887737986488648
BioViL-T,s4,1pct,raw,Edema,0.6221410078060213
BioViL-T,s4,1pct,raw,Enlarged_Cardiomediastinum,0.5618232924312134
BioViL-T,s4,1pct,raw,Fracture,0.5079963516654993
BioViL-T,s4,1pct,raw,Lung_Lesion,0.5203257257036864
BioViL-T,s4,1pct,raw,Lung_Opacity,0.5378603614898778
BioViL-T,s4,1pct,raw,Pleural_Effusion,0.6003590267806299
BioViL-T,s4,1pct,raw,Pneumonia,0.5187891260036489
BioViL-T,s4,1pct,raw,Pneumothorax,0.6306068887358426
BioViL-T,s4,1pct,raw,Pleural_Other,0.5459234951402406
BioViL-T,s4,1pct,raw,Support_Devices,0.644571047258881
BioViL-T,s4,1pct,raw,No_Finding,0.6503631436314363
CheXFound,i4,10pct,raw,Atelectasis,0.6523871798038241
CheXFound,i4,10pct,raw,Cardiomegaly,0.7128682197570716
CheXFound,i4,10pct,raw,Consolidation,0.5961635171986464
CheXFound,i4,10pct,raw,Edema,0.731069450147573
CheXFound,i4,10pct,raw,Enlarged_Cardiomediastinum,0.6318326762145771
CheXFound,i4,10pct,raw,Fracture,0.503484097560655
CheXFound,i4,10pct,raw,Lung_Lesion,0.6064977971984759
CheXFound,i4,10pct,raw,Lung_Opacity,0.6427919210941258
CheXFound,i4,10pct,raw,Pleural_Effusion,0.7165693743117668
CheXFound,i4,10pct,raw,Pneumonia,0.6611857371083666
CheXFound,i4,10pct,raw,Pneumothorax,0.6515998985193157
CheXFound,i4,10pct,raw,Pleural_Other,0.6843024191567006
CheXFound,i4,10pct,raw,Support_Devices,0.7061795333707492
CheXFound,i4,10pct,raw,No_Finding,0.7701111111111112
BioViL-T,i2,5pct,raw,Atelectasis,0.6242709533410138
BioViL-T,i2,5pct,raw,Cardiomegaly,0.7439814292165274
BioViL-T,i2,5pct,raw,Consolidation,0.5724604333820205
BioViL-T,i2,5pct,raw,Edema,0.7475069063340065
BioViL-T,i2,5pct,raw,Enlarged_Cardiomediastinum,0.5832478632478633
BioViL-T,i2,5pct,raw,Fracture,0.5101997896950579
BioViL-T,i2,5pct,raw,Lung_Lesion,0.6375483473980308
BioViL-T,i2,5pct,raw,Lung_Opacity,0.5648217201628037
BioViL-T,i2,5pct,raw,Pleural_Effusion,0.7298102160306884
BioViL-T,i2,5pct,raw,Pneumonia,0.5252899153277363
BioViL-T,i2,5pct,raw,Pneumothorax,0.6699966021066939
BioViL-T,i2,5pct,raw,Pleural_Other,0.5763744813278009
BioViL-T,i2,5pct,raw,Support_Devices,0.6604749780270561
BioViL-T,i2,5pct,raw,No_Finding,0.6821571815718156
CheXagent,XGB,1pct,l2,Atelectasis,0.7505130328341014
CheXagent,XGB,1pct,l2,Cardiomegaly,0.8275287875366899
CheXagent,XGB,1pct,l2,Consolidation,0.6986734428459953
CheXagent,XGB,1pct,l2,Edema,0.8224421788090135
CheXagent,XGB,1pct,l2,Enlarged_Cardiomediastinum,0.5958974358974359
CheXagent,XGB,1pct,l2,Fracture,0.7278887720528099
CheXagent,XGB,1pct,l2,Lung_Lesion,0.7090585443037973
CheXagent,XGB,1pct,l2,Lung_Opacity,0.727659574468085
CheXagent,XGB,1pct,l2,Pleural_Effusion,0.9192689054893778
CheXagent,XGB,1pct,l2,Pneumonia,0.6999454592598554
CheXagent,XGB,1pct,l2,Pneumothorax,0.871219843696908
CheXagent,XGB,1pct,l2,Pleural_Other,0.6568659232365145
CheXagent,XGB,1pct,l2,Support_Devices,0.8025062747478775
CheXagent,XGB,1pct,l2,No_Finding,0.7929159891598915
CheXagent,LR,CheXpert,pca95,Atelectasis,0.7905565956221198
CheXagent,LR,CheXpert,pca95,Cardiomegaly,0.8440886769022353
CheXagent,LR,CheXpert,pca95,Consolidation,0.8172632505652374
CheXagent,LR,CheXpert,pca95,Edema,0.8804429964198555
CheXagent,LR,CheXpert,pca95,Enlarged_Cardiomediastinum,0.7599023199023199
CheXagent,LR,CheXpert,pca95,Fracture,0.8203528449585232
CheXagent,LR,CheXpert,pca95,Lung_Lesion,0.7977320675105485
CheXagent,LR,CheXpert,pca95,Lung_Opacity,0.7637932295093954
CheXagent,LR,CheXpert,pca95,Pleural_Effusion,0.913374610225004
CheXagent,LR,CheXpert,pca95,Pneumonia,0.7917259014869058
CheXagent,LR,CheXpert,pca95,Pneumothorax,0.907373428474346
CheXagent,LR,CheXpert,pca95,Pleural_Other,0.8573651452282158
CheXagent,LR,CheXpert,pca95,Support_Devices,0.9064632168389769
CheXagent,LR,CheXpert,pca95,No_Finding,0.8133333333333335
CXR_Foundation,XGB,NegBio,l2,Atelectasis,0.7907443595665306
CXR_Foundation,XGB,NegBio,l2,Cardiomegaly,0.8054774324335152
CXR_Foundation,XGB,NegBio,l2,Consolidation,0.8048281827475033
CXR_Foundation,XGB,NegBio,l2,Edema,0.8570472066479775
CXR_Foundation,XGB,NegBio,l2,Enlarged_Cardiomediastinum,0.708034188034188
CXR_Foundation,XGB,NegBio,l2,Fracture,0.7260032943995208
CXR_Foundation,XGB,NegBio,l2,Lung_Lesion,0.7323610519471785
CXR_Foundation,XGB,NegBio,l2,Lung_Opacity,0.731361727068477
CXR_Foundation,XGB,NegBio,l2,Pleural_Effusion,0.9087807923714383
CXR_Foundation,XGB,NegBio,l2,Pneumonia,0.7228105625717566
CXR_Foundation,XGB,NegBio,l2,Pneumothorax,0.8988447162759088
CXR_Foundation,XGB,NegBio,l2,Pleural_Other,0.7740489002171246
CXR_Foundation,XGB,NegBio,l2,Support_Devices,0.848849598163031
CXR_Foundation,XGB,NegBio,l2,No_Finding,0.8053038379530917
MedSigLIP,i4,5pct,raw,Atelectasis,0.7207761722782422
MedSigLIP,i4,5pct,raw,Cardiomegaly,0.6918824535510425
MedSigLIP,i4,5pct,raw,Consolidation,0.6279141199921412
MedSigLIP,i4,5pct,raw,Edema,0.7375747474196932
MedSigLIP,i4,5pct,raw,Enlarged_Cardiomediastinum,0.6288688373744028
MedSigLIP,i4,5pct,raw,Fracture,0.6825121811011654
MedSigLIP,i4,5pct,raw,Lung_Lesion,0.6555442049959148
MedSigLIP,i4,5pct,raw,Lung_Opacity,0.6787270167132542
MedSigLIP,i4,5pct,raw,Pleural_Effusion,0.7588209928407086
MedSigLIP,i4,5pct,raw,Pneumonia,0.6524338832838523
MedSigLIP,i4,5pct,raw,Pneumothorax,0.6493931010899092
MedSigLIP,i4,5pct,raw,Pleural_Other,0.7499411485511037
MedSigLIP,i4,5pct,raw,Support_Devices,0.7498751064537559
MedSigLIP,i4,5pct,raw,No_Finding,0.7869566395663957
EVA-X,XGB,CheXpert,l2,Atelectasis,0.7555083525345623
EVA-X,XGB,CheXpert,l2,Cardiomegaly,0.832905283359675
EVA-X,XGB,CheXpert,l2,Consolidation,0.7244842833990276
EVA-X,XGB,CheXpert,l2,Edema,0.8721306195260334
EVA-X,XGB,CheXpert,l2,Enlarged_Cardiomediastinum,0.6013186813186813
EVA-X,XGB,CheXpert,l2,Fracture,0.6010515247108307
EVA-X,XGB,CheXpert,l2,Lung_Lesion,0.662732946554149
EVA-X,XGB,CheXpert,l2,Lung_Opacity,0.6953669176963759
EVA-X,XGB,CheXpert,l2,Pleural_Effusion,0.9032460686003994
EVA-X,XGB,CheXpert,l2,Pneumonia,0.6456461289486154
EVA-X,XGB,CheXpert,l2,Pneumothorax,0.7561671763506626
EVA-X,XGB,CheXpert,l2,Pleural_Other,0.713855031120332
EVA-X,XGB,CheXpert,l2,Support_Devices,0.771662604314852
EVA-X,XGB,CheXpert,l2,No_Finding,0.7743468834688347
EVA-X,XGB,1pct,l2,Atelectasis,0.683998775921659
EVA-X,XGB,1pct,l2,Cardiomegaly,0.7700948295326259
EVA-X,XGB,1pct,l2,Consolidation,0.5781328157826287
EVA-X,XGB,1pct,l2,Edema,0.7421428836886638
EVA-X,XGB,1pct,l2,Enlarged_Cardiomediastinum,0.4923321123321123
EVA-X,XGB,1pct,l2,Fracture,0.5684308914592826
EVA-X,XGB,1pct,l2,Lung_Lesion,0.6141547995780591
EVA-X,XGB,1pct,l2,Lung_Opacity,0.6161731373839293
EVA-X,XGB,1pct,l2,Pleural_Effusion,0.8406465217488839
EVA-X,XGB,1pct,l2,Pneumonia,0.5533515731874146
EVA-X,XGB,1pct,l2,Pneumothorax,0.7888549099558274
EVA-X,XGB,1pct,l2,Pleural_Other,0.47500648340248963
EVA-X,XGB,1pct,l2,Support_Devices,0.7138080697335157
EVA-X,XGB,1pct,l2,No_Finding,0.7422655826558265
EVA-X,LR,NegBio,raw,Atelectasis,0.7692041215135903
EVA-X,LR,NegBio,raw,Cardiomegaly,0.8446591828722065
EVA-X,LR,NegBio,raw,Consolidation,0.7555044428717466
EVA-X,LR,NegBio,raw,Edema,0.8573162795354425
EVA-X,LR,NegBio,raw,Enlarged_Cardiomediastinum,0.6287667887667887
EVA-X,LR,NegBio,raw,Fracture,0.694419486872317
EVA-X,LR,NegBio,raw,Lung_Lesion,0.7127099074053315
EVA-X,LR,NegBio,raw,Lung_Opacity,0.7186578099052457
EVA-X,LR,NegBio,raw,Pleural_Effusion,0.8997048473152458
EVA-X,LR,NegBio,raw,Pneumonia,0.70102411021814
EVA-X,LR,NegBio,raw,Pneumothorax,0.8783554196398233
EVA-X,LR,NegBio,raw,Pleural_Other,0.8010635954561188
EVA-X,LR,NegBio,raw,Support_Devices,0.803076923076923
EVA-X,LR,NegBio,raw,No_Finding,0.7794253321305561
CheXagent,i4,1pct,raw,Atelectasis,0.7202167971270776
CheXagent,i4,1pct,raw,Cardiomegaly,0.7259134555107036
CheXagent,i4,1pct,raw,Consolidation,0.6243749029278647
CheXagent,i4,1pct,raw,Edema,0.7352999813638673
CheXagent,i4,1pct,raw,Enlarged_Cardiomediastinum,0.6604216080289399
CheXagent,i4,1pct,raw,Fracture,0.7134258551808174
CheXagent,i4,1pct,raw,Lung_Lesion,0.5874135631733457
CheXagent,i4,1pct,raw,Lung_Opacity,0.6276639601071032
CheXagent,i4,1pct,raw,Pleural_Effusion,0.7385727895783335
CheXagent,i4,1pct,raw,Pneumonia,0.7029216600871289
CheXagent,i4,1pct,raw,Pneumothorax,0.6335035679518917
CheXagent,i4,1pct,raw,Pleural_Other,0.6446791114013567
CheXagent,i4,1pct,raw,Support_Devices,0.7438781682304633
CheXagent,i4,1pct,raw,No_Finding,0.8134308943089431
MedSigLIP,i4,1pct,raw,Atelectasis,0.7027218414282288
MedSigLIP,i4,1pct,raw,Cardiomegaly,0.6964999612281254
MedSigLIP,i4,1pct,raw,Consolidation,0.5846344749222394
MedSigLIP,i4,1pct,raw,Edema,0.7134407601985155
MedSigLIP,i4,1pct,raw,Enlarged_Cardiomediastinum,0.6073986051051732
MedSigLIP,i4,1pct,raw,Fracture,0.7025028313906811
MedSigLIP,i4,1pct,raw,Lung_Lesion,0.5682280934111565
MedSigLIP,i4,1pct,raw,Lung_Opacity,0.5916899855394587
MedSigLIP,i4,1pct,raw,Pleural_Effusion,0.7254997231981426
MedSigLIP,i4,1pct,raw,Pneumonia,0.6503944592573632
MedSigLIP,i4,1pct,raw,Pneumothorax,0.5532177665800464
MedSigLIP,i4,1pct,raw,Pleural_Other,0.5659982512877831
MedSigLIP,i4,1pct,raw,Support_Devices,0.5934789967499221
MedSigLIP,i4,1pct,raw,No_Finding,0.7814254742547425
CheXagent,XGB,CheXpert,pca95,Atelectasis,0.7616287442396313
CheXagent,XGB,CheXpert,pca95,Cardiomegaly,0.8463112440731542
CheXagent,XGB,CheXpert,pca95,Consolidation,0.8096800656275636
CheXagent,XGB,CheXpert,pca95,Edema,0.8757727041859197
CheXagent,XGB,CheXpert,pca95,Enlarged_Cardiomediastinum,0.7303540903540904
CheXagent,XGB,CheXpert,pca95,Fracture,0.7655684075242435
CheXagent,XGB,CheXpert,pca95,Lung_Lesion,0.7728111814345993
CheXagent,XGB,CheXpert,pca95,Lung_Opacity,0.7402646779264458
CheXagent,XGB,CheXpert,pca95,Pleural_Effusion,0.9052313973573816
CheXagent,XGB,CheXpert,pca95,Pneumonia,0.7761415555734378
CheXagent,XGB,CheXpert,pca95,Pneumothorax,0.9197417601087325
CheXagent,XGB,CheXpert,pca95,Pleural_Other,0.8397627074688796
CheXagent,XGB,CheXpert,pca95,Support_Devices,0.8806121616846225
CheXagent,XGB,CheXpert,pca95,No_Finding,0.8266016260162602
Early_Fusion,LR,CheXpert,l2,Atelectasis,0.7974600374423962
Early_Fusion,LR,CheXpert,l2,Cardiomegaly,0.8380418830435764
Early_Fusion,LR,CheXpert,l2,Consolidation,0.7693631325156567
Early_Fusion,LR,CheXpert,l2,Edema,0.8711519641242274
Early_Fusion,LR,CheXpert,l2,Enlarged_Cardiomediastinum,0.6155311355311355
Early_Fusion,LR,CheXpert,l2,Fracture,0.7919850449818903
Early_Fusion,LR,CheXpert,l2,Lung_Lesion,0.8020393811533052
Early_Fusion,LR,CheXpert,l2,Lung_Opacity,0.7515829494772246
Early_Fusion,LR,CheXpert,l2,Pleural_Effusion,0.9177827130583037
Early_Fusion,LR,CheXpert,l2,Pneumonia,0.7910642597212164
Early_Fusion,LR,CheXpert,l2,Pneumothorax,0.8861705742439688
Early_Fusion,LR,CheXpert,l2,Pleural_Other,0.8113978215767634
Early_Fusion,LR,CheXpert,l2,Support_Devices,0.9000570843489213
Early_Fusion,LR,CheXpert,l2,No_Finding,0.8340216802168021
EVA-X,XGB,10pct,pca95,Atelectasis,0.7097314228110598
EVA-X,XGB,10pct,pca95,Cardiomegaly,0.8023961390833145
EVA-X,XGB,10pct,pca95,Consolidation,0.72980651873787
EVA-X,XGB,10pct,pca95,Edema,0.7808802943399031
EVA-X,XGB,10pct,pca95,Enlarged_Cardiomediastinum,0.6192918192918193
EVA-X,XGB,10pct,pca95,Fracture,0.553732912723449
EVA-X,XGB,10pct,pca95,Lung_Lesion,0.6174622011251758
EVA-X,XGB,10pct,pca95,Lung_Opacity,0.6760546903560724
EVA-X,XGB,10pct,pca95,Pleural_Effusion,0.8686822800996029
EVA-X,XGB,10pct,pca95,Pneumonia,0.6407642856504208
EVA-X,XGB,10pct,pca95,Pneumothorax,0.8769962623173633
EVA-X,XGB,10pct,pca95,Pleural_Other,0.7101594917012448
EVA-X,XGB,10pct,pca95,Support_Devices,0.7345215334849542
EVA-X,XGB,10pct,pca95,No_Finding,0.7691490514905149
CXR_Foundation,LR,1pct,raw,Atelectasis,0.716121831797235
CXR_Foundation,LR,1pct,raw,Cardiomegaly,0.7582623052607812
CXR_Foundation,LR,1pct,raw,Consolidation,0.701854779007183
CXR_Foundation,LR,1pct,raw,Edema,0.8249073993781202
CXR_Foundation,LR,1pct,raw,Enlarged_Cardiomediastinum,0.6347741147741148
CXR_Foundation,LR,1pct,raw,Fracture,0.4366865288000934
CXR_Foundation,LR,1pct,raw,Lung_Lesion,0.6708640998593531
CXR_Foundation,LR,1pct,raw,Lung_Opacity,0.7252857595476592
CXR_Foundation,LR,1pct,raw,Pleural_Effusion,0.8595968773134128
CXR_Foundation,LR,1pct,raw,Pneumonia,0.6664610212530064
CXR_Foundation,LR,1pct,raw,Pneumothorax,0.854841997961264
CXR_Foundation,LR,1pct,raw,Pleural_Other,0.6633817427385892
CXR_Foundation,LR,1pct,raw,Support_Devices,0.7505142121906798
CXR_Foundation,LR,1pct,raw,No_Finding,0.7857506775067751
BioViL-T,s2,5pct,raw,Atelectasis,0.6249099942396313
BioViL-T,s2,5pct,raw,Cardiomegaly,0.7127737638293068
BioViL-T,s2,5pct,raw,Consolidation,0.5924688369115028
BioViL-T,s2,5pct,raw,Edema,0.7310184210200315
BioViL-T,s2,5pct,raw,Enlarged_Cardiomediastinum,0.5970207570207571
BioViL-T,s2,5pct,raw,Fracture,0.5522374109124897
BioViL-T,s2,5pct,raw,Lung_Lesion,0.583553094233474
BioViL-T,s2,5pct,raw,Lung_Opacity,0.5476932075747606
BioViL-T,s2,5pct,raw,Pleural_Effusion,0.7364672364672364
BioViL-T,s2,5pct,raw,Pneumonia,0.5002905859106068
BioViL-T,s2,5pct,raw,Pneumothorax,0.6788311247026844
BioViL-T,s2,5pct,raw,Pleural_Other,0.5672328838174274
BioViL-T,s2,5pct,raw,Support_Devices,0.6600672326776185
BioViL-T,s2,5pct,raw,No_Finding,0.6751924119241193
CheXFound,LR,1pct,l2,Atelectasis,0.6882020449308756
CheXFound,LR,1pct,l2,Cardiomegaly,0.7567594265071123
CheXFound,LR,1pct,l2,Consolidation,0.5721002821184898
CheXFound,LR,1pct,l2,Edema,0.7009526405113783
CheXFound,LR,1pct,l2,Enlarged_Cardiomediastinum,0.5001221001221001
CheXFound,LR,1pct,l2,Fracture,0.6416403785488959
CheXFound,LR,1pct,l2,Lung_Lesion,0.6770393811533053
CheXFound,LR,1pct,l2,Lung_Opacity,0.6698593746191904
CheXFound,LR,1pct,l2,Pleural_Effusion,0.8366366063216456
CheXFound,LR,1pct,l2,Pneumonia,0.6076106685264164
CheXFound,LR,1pct,l2,Pneumothorax,0.6266394835202174
CheXFound,LR,1pct,l2,Pleural_Other,0.6206885373443983
CheXFound,LR,1pct,l2,Support_Devices,0.7129653960113445
CheXFound,LR,1pct,l2,No_Finding,0.7314363143631436
MedSigLIP,XGB,10pct,pca95,Atelectasis,0.7583255328341015
MedSigLIP,XGB,10pct,pca95,Cardiomegaly,0.7913326936102959
MedSigLIP,XGB,10pct,pca95,Consolidation,0.7532363592708938
MedSigLIP,XGB,10pct,pca95,Edema,0.8190726310964656
MedSigLIP,XGB,10pct,pca95,Enlarged_Cardiomediastinum,0.6313553113553113
MedSigLIP,XGB,10pct,pca95,Fracture,0.6046033415118589
MedSigLIP,XGB,10pct,pca95,Lung_Lesion,0.6979386427566808
MedSigLIP,XGB,10pct,pca95,Lung_Opacity,0.6870073846603788
MedSigLIP,XGB,10pct,pca95,Pleural_Effusion,0.8958375395383269
MedSigLIP,XGB,10pct,pca95,Pneumonia,0.7028066128412148
MedSigLIP,XGB,10pct,pca95,Pneumothorax,0.855725450220863
MedSigLIP,XGB,10pct,pca95,Pleural_Other,0.5843004408713692
MedSigLIP,XGB,10pct,pca95,Support_Devices,0.847657276442286
MedSigLIP,XGB,10pct,pca95,No_Finding,0.7821734417344174
CheXFound,XGB,NegBio,pca95,Atelectasis,0.7417569728193285
CheXFound,XGB,NegBio,pca95,Cardiomegaly,0.8088988245474867
CheXFound,XGB,NegBio,pca95,Consolidation,0.7119013918376975
CheXFound,XGB,NegBio,pca95,Edema,0.8533239887865437
CheXFound,XGB,NegBio,pca95,Enlarged_Cardiomediastinum,0.5845909645909646
CheXFound,XGB,NegBio,pca95,Fracture,0.6373539982030548
CheXFound,XGB,NegBio,pca95,Lung_Lesion,0.7192565522498489
CheXFound,XGB,NegBio,pca95,Lung_Opacity,0.6474211194685943
CheXFound,XGB,NegBio,pca95,Pleural_Effusion,0.8952491769780906
CheXFound,XGB,NegBio,pca95,Pneumonia,0.5554718714121699
CheXFound,XGB,NegBio,pca95,Pneumothorax,0.774617737003058
CheXFound,XGB,NegBio,pca95,Pleural_Other,0.7366185216652507
CheXFound,XGB,NegBio,pca95,Support_Devices,0.7602847301951781
CheXFound,XGB,NegBio,pca95,No_Finding,0.7666475315729047
CheXFound,LR,NegBio,raw,Atelectasis,0.7633593888790193
CheXFound,LR,NegBio,raw,Cardiomegaly,0.8373116030864642
CheXFound,LR,NegBio,raw,Consolidation,0.8144019815994338
CheXFound,LR,NegBio,raw,Edema,0.8464031838205847
CheXFound,LR,NegBio,raw,Enlarged_Cardiomediastinum,0.8202197802197803
CheXFound,LR,NegBio,raw,Fracture,0.7469551762004593
CheXFound,LR,NegBio,raw,Lung_Lesion,0.7723247315203015
CheXFound,LR,NegBio,raw,Lung_Opacity,0.7239620982709779
CheXFound,LR,NegBio,raw,Pleural_Effusion,0.9057554773527074
CheXFound,LR,NegBio,raw,Pneumonia,0.6698599311136625
CheXFound,LR,NegBio,raw,Pneumothorax,0.8413863404689093
CheXFound,LR,NegBio,raw,Pleural_Other,0.7934485037288777
CheXFound,LR,NegBio,raw,Support_Devices,0.8087623421354764
CheXFound,LR,NegBio,raw,No_Finding,0.7907218714121699
CXR_Foundation,s4,1pct,raw,Atelectasis,0.6781307436992363
CXR_Foundation,s4,1pct,raw,Cardiomegaly,0.7070588118279331
CXR_Foundation,s4,1pct,raw,Consolidation,0.5959899581786828
CXR_Foundation,s4,1pct,raw,Edema,0.7396419673445145
CXR_Foundation,s4,1pct,raw,Enlarged_Cardiomediastinum,0.6849151657708079
CXR_Foundation,s4,1pct,raw,Fracture,0.5596396207116608
CXR_Foundation,s4,1pct,raw,Lung_Lesion,0.5759297989433212
CXR_Foundation,s4,1pct,raw,Lung_Opacity,0.670597194580655
CXR_Foundation,s4,1pct,raw,Pleural_Effusion,0.7442522949263324
CXR_Foundation,s4,1pct,raw,Pneumonia,0.6771987515209805
CXR_Foundation,s4,1pct,raw,Pneumothorax,0.7125317773595806
CXR_Foundation,s4,1pct,raw,Pleural_Other,0.6592453383406415
CXR_Foundation,s4,1pct,raw,Support_Devices,0.788169521461632
CXR_Foundation,s4,1pct,raw,No_Finding,0.7599241192411924
BioViL-T,XGB,NegBio,l2,Atelectasis,0.6325546278202168
BioViL-T,XGB,NegBio,l2,Cardiomegaly,0.6549201541629608
BioViL-T,XGB,NegBio,l2,Consolidation,0.5793327828890462
BioViL-T,XGB,NegBio,l2,Edema,0.7575966159391269
BioViL-T,XGB,NegBio,l2,Enlarged_Cardiomediastinum,0.6051770451770451
BioViL-T,XGB,NegBio,l2,Fracture,0.537685933912349
BioViL-T,XGB,NegBio,l2,Lung_Lesion,0.531657063426227
BioViL-T,XGB,NegBio,l2,Lung_Opacity,0.5724479828074631
BioViL-T,XGB,NegBio,l2,Pleural_Effusion,0.770706096038143
BioViL-T,XGB,NegBio,l2,Pneumonia,0.5247715269804822
BioViL-T,XGB,NegBio,l2,Pneumothorax,0.7020727149167516
BioViL-T,XGB,NegBio,l2,Pleural_Other,0.5664747160074264
BioViL-T,XGB,NegBio,l2,Support_Devices,0.6865487944890929
BioViL-T,XGB,NegBio,l2,No_Finding,0.7151621699196327
CheXagent,s4,1pct,raw,Atelectasis,0.7386881625522885
CheXagent,s4,1pct,raw,Cardiomegaly,0.7463604024016389
CheXagent,s4,1pct,raw,Consolidation,0.5951204738329717
CheXagent,s4,1pct,raw,Edema,0.7570716482194033
CheXagent,s4,1pct,raw,Enlarged_Cardiomediastinum,0.6880381134652429
CheXagent,s4,1pct,raw,Fracture,0.49656077604624593
CheXagent,s4,1pct,raw,Lung_Lesion,0.5682487577050848
CheXagent,s4,1pct,raw,Lung_Opacity,0.660794497965479
CheXagent,s4,1pct,raw,Pleural_Effusion,0.7431727258837464
CheXagent,s4,1pct,raw,Pneumonia,0.706485813430672
CheXagent,s4,1pct,raw,Pneumothorax,0.7473468507709549
CheXagent,s4,1pct,raw,Pleural_Other,0.7394478136353023
CheXagent,s4,1pct,raw,Support_Devices,0.8199593496456652
CheXagent,s4,1pct,raw,No_Finding,0.8079701897018969
MedSigLIP,s4,10pct,raw,Atelectasis,0.7123372081691333
MedSigLIP,s4,10pct,raw,Cardiomegaly,0.7385749545027744
MedSigLIP,s4,10pct,raw,Consolidation,0.6533852856039677
MedSigLIP,s4,10pct,raw,Edema,0.7730435701168886
MedSigLIP,s4,10pct,raw,Enlarged_Cardiomediastinum,0.7001424175680586
MedSigLIP,s4,10pct,raw,Fracture,0.6313734182277232
MedSigLIP,s4,10pct,raw,Lung_Lesion,0.6231712425918333
MedSigLIP,s4,10pct,raw,Lung_Opacity,0.7023792641080255
MedSigLIP,s4,10pct,raw,Pleural_Effusion,0.795175057046425
MedSigLIP,s4,10pct,raw,Pneumonia,0.7172354689812119
MedSigLIP,s4,10pct,raw,Pneumothorax,0.7561636707773256
MedSigLIP,s4,10pct,raw,Pleural_Other,0.7834242100594698
MedSigLIP,s4,10pct,raw,Support_Devices,0.8470025054259044
MedSigLIP,s4,10pct,raw,No_Finding,0.7962574525745256
CheXFound,LR,5pct,l2,Atelectasis,0.7404143865207373
CheXFound,LR,5pct,l2,Cardiomegaly,0.7965045721381803
CheXFound,LR,5pct,l2,Consolidation,0.627483543088097
CheXFound,LR,5pct,l2,Edema,0.812098162853214
CheXFound,LR,5pct,l2,Enlarged_Cardiomediastinum,0.5824175824175825
CheXFound,LR,5pct,l2,Fracture,0.6249561864703821
CheXFound,LR,5pct,l2,Lung_Lesion,0.7188379043600562
CheXFound,LR,5pct,l2,Lung_Opacity,0.6684848041724549
CheXFound,LR,5pct,l2,Pleural_Effusion,0.8657014828274671
CheXFound,LR,5pct,l2,Pneumonia,0.6035067013581539
CheXFound,LR,5pct,l2,Pneumothorax,0.799116547740401
CheXFound,LR,5pct,l2,Pleural_Other,0.7533065352697095
CheXFound,LR,5pct,l2,Support_Devices,0.7494268912588459
CheXFound,LR,5pct,l2,No_Finding,0.7568509485094851
CheXFound,i2,CheXpert,raw,Atelectasis,0.7564984158986174
CheXFound,i2,CheXpert,raw,Cardiomegaly,0.8335403025513659
CheXFound,i2,CheXpert,raw,Consolidation,0.7876908301486625
CheXFound,i2,CheXpert,raw,Edema,0.8529539288678567
CheXFound,i2,CheXpert,raw,Enlarged_Cardiomediastinum,0.6775091575091575
CheXFound,i2,CheXpert,raw,Fracture,0.6683257389881996
CheXFound,i2,CheXpert,raw,Lung_Lesion,0.7467695147679325
CheXFound,i2,CheXpert,raw,Lung_Opacity,0.6828739245936
CheXFound,i2,CheXpert,raw,Pleural_Effusion,0.9181079929111425
CheXFound,i2,CheXpert,raw,Pneumonia,0.6647175057893654
CheXFound,i2,CheXpert,raw,Pneumothorax,0.8629289840299016
CheXFound,i2,CheXpert,raw,Pleural_Other,0.7798884854771785
CheXFound,i2,CheXpert,raw,Support_Devices,0.8248054148582404
CheXFound,i2,CheXpert,raw,No_Finding,0.8088509485094849
EVA-X,i4,NegBio,raw,Atelectasis,0.6365577163668826
EVA-X,i4,NegBio,raw,Cardiomegaly,0.7366854700232136
EVA-X,i4,NegBio,raw,Consolidation,0.6370961306355678
EVA-X,i4,NegBio,raw,Edema,0.7580423066415107
EVA-X,i4,NegBio,raw,Enlarged_Cardiomediastinum,0.6612104643804506
EVA-X,i4,NegBio,raw,Fracture,0.5133004453562688
EVA-X,i4,NegBio,raw,Lung_Lesion,0.5736958598239286
EVA-X,i4,NegBio,raw,Lung_Opacity,0.6915280436946893
EVA-X,i4,NegBio,raw,Pleural_Effusion,0.7615056190185677
EVA-X,i4,NegBio,raw,Pneumonia,0.6974726420683227
EVA-X,i4,NegBio,raw,Pneumothorax,0.6841304991687691
EVA-X,i4,NegBio,raw,Pleural_Other,0.642121601080673
EVA-X,i4,NegBio,raw,Support_Devices,0.7985972236491508
EVA-X,i4,NegBio,raw,No_Finding,0.796726361325242
CheXFound,XGB,5pct,raw,Atelectasis,0.7176159274193548
CheXFound,XGB,5pct,raw,Cardiomegaly,0.8249181530819597
CheXFound,XGB,5pct,raw,Consolidation,0.621881190099842
CheXFound,XGB,5pct,raw,Edema,0.8306058991861055
CheXFound,XGB,5pct,raw,Enlarged_Cardiomediastinum,0.6138705738705739
CheXFound,XGB,5pct,raw,Fracture,0.5990419441523542
CheXFound,XGB,5pct,raw,Lung_Lesion,0.6783799226441631
CheXFound,XGB,5pct,raw,Lung_Opacity,0.6541103068411689
CheXFound,XGB,5pct,raw,Pleural_Effusion,0.85146488099244
CheXFound,XGB,5pct,raw,Pneumonia,0.6118487522688054
CheXFound,XGB,5pct,raw,Pneumothorax,0.6399252463472647
CheXFound,XGB,5pct,raw,Pleural_Other,0.6482592064315352
CheXFound,XGB,5pct,raw,Support_Devices,0.7454128648188251
CheXFound,XGB,5pct,raw,No_Finding,0.7509647696476964
EVA-X,LR,1pct,pca95,Atelectasis,0.6018955213133641
EVA-X,LR,1pct,pca95,Cardiomegaly,0.7533232671031835
EVA-X,LR,1pct,pca95,Consolidation,0.6157186018127613
EVA-X,LR,1pct,pca95,Edema,0.7767674640437049
EVA-X,LR,1pct,pca95,Enlarged_Cardiomediastinum,0.48576312576312575
EVA-X,LR,1pct,pca95,Fracture,0.6047201775908401
EVA-X,LR,1pct,pca95,Lung_Lesion,0.5514680028129395
EVA-X,LR,1pct,pca95,Lung_Opacity,0.6468572542711608
EVA-X,LR,1pct,pca95,Pleural_Effusion,0.7734930569576239
EVA-X,LR,1pct,pca95,Pneumonia,0.5155977575708807
EVA-X,LR,1pct,pca95,Pneumothorax,0.7282364933741081
EVA-X,LR,1pct,pca95,Pleural_Other,0.39594139004149376
EVA-X,LR,1pct,pca95,Support_Devices,0.7430660638076165
EVA-X,LR,1pct,pca95,No_Finding,0.6481680216802168
BioViL-T,XGB,CheXpert,l2,Atelectasis,0.6335685483870968
BioViL-T,XGB,CheXpert,l2,Cardiomegaly,0.6634221889817116
BioViL-T,XGB,CheXpert,l2,Consolidation,0.5556033534084316
BioViL-T,XGB,CheXpert,l2,Edema,0.6865515404531546
BioViL-T,XGB,CheXpert,l2,Enlarged_Cardiomediastinum,0.5706471306471307
BioViL-T,XGB,CheXpert,l2,Fracture,0.5842972309849283
BioViL-T,XGB,CheXpert,l2,Lung_Lesion,0.6111990154711674
BioViL-T,XGB,CheXpert,l2,Lung_Opacity,0.5649582023348201
BioViL-T,XGB,CheXpert,l2,Pleural_Effusion,0.7634878973461651
BioViL-T,XGB,CheXpert,l2,Pneumonia,0.5220845292061193
BioViL-T,XGB,CheXpert,l2,Pneumothorax,0.6970438328236492
BioViL-T,XGB,CheXpert,l2,Pleural_Other,0.5849974066390041
BioViL-T,XGB,CheXpert,l2,Support_Devices,0.6881926007810589
BioViL-T,XGB,CheXpert,l2,No_Finding,0.7000054200542005
CheXagent,XGB,NegBio,raw,Atelectasis,0.7909841890211405
CheXagent,XGB,NegBio,raw,Cardiomegaly,0.8526317476342716
CheXagent,XGB,NegBio,raw,Consolidation,0.8222851301407564
CheXagent,XGB,NegBio,raw,Edema,0.8855626752102522
CheXagent,XGB,NegBio,raw,Enlarged_Cardiomediastinum,0.6148717948717949
CheXagent,XGB,NegBio,raw,Fracture,0.7728736148547469
CheXagent,XGB,NegBio,raw,Lung_Lesion,0.7840728202138869
CheXagent,XGB,NegBio,raw,Lung_Opacity,0.7592751782748851
CheXagent,XGB,NegBio,raw,Pleural_Effusion,0.9292995799750255
CheXagent,XGB,NegBio,raw,Pneumonia,0.771894374282434
CheXagent,XGB,NegBio,raw,Pneumothorax,0.9221202854230378
CheXagent,XGB,NegBio,raw,Pleural_Other,0.8508134302526825
CheXagent,XGB,NegBio,raw,Support_Devices,0.9090424799081515
CheXagent,XGB,NegBio,raw,No_Finding,0.8161134574380843
CheXFound,s2,5pct,raw,Atelectasis,0.7578215005760369
CheXFound,s2,5pct,raw,Cardiomegaly,0.8210445360126439
CheXFound,s2,5pct,raw,Consolidation,0.7508953760579444
CheXFound,s2,5pct,raw,Edema,0.8311138089516
CheXFound,s2,5pct,raw,Enlarged_Cardiomediastinum,0.6128449328449328
CheXFound,s2,5pct,raw,Fracture,0.6666199322350742
CheXFound,s2,5pct,raw,Lung_Lesion,0.7686357243319268
CheXFound,s2,5pct,raw,Lung_Opacity,0.6919012453998197
CheXFound,s2,5pct,raw,Pleural_Effusion,0.8840994234695022
CheXFound,s2,5pct,raw,Pneumonia,0.640183113829207
CheXFound,s2,5pct,raw,Pneumothorax,0.8646279306829765
CheXFound,s2,5pct,raw,Pleural_Other,0.7479901452282157
CheXFound,s2,5pct,raw,Support_Devices,0.7719706785788715
CheXFound,s2,5pct,raw,No_Finding,0.7635284552845528
CXR_Foundation,XGB,5pct,l2,Atelectasis,0.7941658266129032
CXR_Foundation,XGB,5pct,l2,Cardiomegaly,0.791794846466471
CXR_Foundation,XGB,5pct,l2,Consolidation,0.7304567918525781
CXR_Foundation,XGB,5pct,l2,Edema,0.8469705040694722
CXR_Foundation,XGB,5pct,l2,Enlarged_Cardiomediastinum,0.652014652014652
CXR_Foundation,XGB,5pct,l2,Fracture,0.6459866806869962
CXR_Foundation,XGB,5pct,l2,Lung_Lesion,0.7011361638537272
CXR_Foundation,XGB,5pct,l2,Lung_Opacity,0.725729326606712
CXR_Foundation,XGB,5pct,l2,Pleural_Effusion,0.9013028018933531
CXR_Foundation,XGB,5pct,l2,Pneumonia,0.6765152937600029
CXR_Foundation,XGB,5pct,l2,Pneumothorax,0.8407747196738022
CXR_Foundation,XGB,5pct,l2,Pleural_Other,0.6883590508298756
CXR_Foundation,XGB,5pct,l2,Support_Devices,0.8179960675226299
CXR_Foundation,XGB,5pct,l2,No_Finding,0.7906449864498645
EVA-X,i4,5pct,raw,Atelectasis,0.5963201337757471
EVA-X,i4,5pct,raw,Cardiomegaly,0.69855155018411
EVA-X,i4,5pct,raw,Consolidation,0.6142777277535927
EVA-X,i4,5pct,raw,Edema,0.7364099274235296
EVA-X,i4,5pct,raw,Enlarged_Cardiomediastinum,0.6738031302483088
EVA-X,i4,5pct,raw,Fracture,0.5406296695155032
EVA-X,i4,5pct,raw,Lung_Lesion,0.5966142935346562
EVA-X,i4,5pct,raw,Lung_Opacity,0.6000383121013229
EVA-X,i4,5pct,raw,Pleural_Effusion,0.7297869775407166
EVA-X,i4,5pct,raw,Pneumonia,0.6414977524081369
EVA-X,i4,5pct,raw,Pneumothorax,0.6602054470461691
EVA-X,i4,5pct,raw,Pleural_Other,0.6460879740817541
EVA-X,i4,5pct,raw,Support_Devices,0.6625561216775698
EVA-X,i4,5pct,raw,No_Finding,0.7517750677506775
MedSigLIP,LR,1pct,raw,Atelectasis,0.7650579637096775
MedSigLIP,LR,1pct,raw,Cardiomegaly,0.7209231767893429
MedSigLIP,LR,1pct,raw,Consolidation,0.634906660797535
MedSigLIP,LR,1pct,raw,Edema,0.8263320243301165
MedSigLIP,LR,1pct,raw,Enlarged_Cardiomediastinum,0.5744078144078143
MedSigLIP,LR,1pct,raw,Fracture,0.6218717139852787
MedSigLIP,LR,1pct,raw,Lung_Lesion,0.5563247187060478
MedSigLIP,LR,1pct,raw,Lung_Opacity,0.6772074772732811
MedSigLIP,LR,1pct,raw,Pleural_Effusion,0.8759281692352558
MedSigLIP,LR,1pct,raw,Pneumonia,0.6617669411585883
MedSigLIP,LR,1pct,raw,Pneumothorax,0.8891607203533809
MedSigLIP,LR,1pct,raw,Pleural_Other,0.5059971473029046
MedSigLIP,LR,1pct,raw,Support_Devices,0.7690530340784503
MedSigLIP,LR,1pct,raw,No_Finding,0.7472737127371273
EVA-X,s2,1pct,raw,Atelectasis,0.695438508064516
EVA-X,s2,1pct,raw,Cardiomegaly,0.8140804922104312
EVA-X,s2,1pct,raw,Consolidation,0.6267432321575062
EVA-X,s2,1pct,raw,Edema,0.8129901019535943
EVA-X,s2,1pct,raw,Enlarged_Cardiomediastinum,0.5394383394383395
EVA-X,s2,1pct,raw,Fracture,0.6429956770650777
EVA-X,s2,1pct,raw,Lung_Lesion,0.637570323488045
EVA-X,s2,1pct,raw,Lung_Opacity,0.6845360824742268
EVA-X,s2,1pct,raw,Pleural_Effusion,0.8604044686721852
EVA-X,s2,1pct,raw,Pneumonia,0.6240533605142923
EVA-X,s2,1pct,raw,Pneumothorax,0.800815494393476
EVA-X,s2,1pct,raw,Pleural_Other,0.5555303423236514
EVA-X,s2,1pct,raw,Support_Devices,0.744126201716155
EVA-X,s2,1pct,raw,No_Finding,0.7636531165311653
MedSigLIP,XGB,10pct,l2,Atelectasis,0.7582715293778801
MedSigLIP,XGB,10pct,l2,Cardiomegaly,0.8293985662677805
MedSigLIP,XGB,10pct,l2,Consolidation,0.7422517457332078
MedSigLIP,XGB,10pct,l2,Edema,0.8345329088363911
MedSigLIP,XGB,10pct,l2,Enlarged_Cardiomediastinum,0.6946520146520146
MedSigLIP,XGB,10pct,l2,Fracture,0.612781867040542
MedSigLIP,XGB,10pct,l2,Lung_Lesion,0.6655239099859352
MedSigLIP,XGB,10pct,l2,Lung_Opacity,0.7357461431600497
MedSigLIP,XGB,10pct,l2,Pleural_Effusion,0.9067961056150032
MedSigLIP,XGB,10pct,l2,Pneumonia,0.6897794229410872
MedSigLIP,XGB,10pct,l2,Pneumothorax,0.872579001019368
MedSigLIP,XGB,10pct,l2,Pleural_Other,0.7373735736514523
MedSigLIP,XGB,10pct,l2,Support_Devices,0.8180549640731042
MedSigLIP,XGB,10pct,l2,No_Finding,0.7950785907859078
Early_Fusion,s4,NegBio,raw,Atelectasis,0.7118663476509203
Early_Fusion,s4,NegBio,raw,Cardiomegaly,0.7746631876647867
Early_Fusion,s4,NegBio,raw,Consolidation,0.7244643166457045
Early_Fusion,s4,NegBio,raw,Edema,0.7890198077229187
Early_Fusion,s4,NegBio,raw,Enlarged_Cardiomediastinum,0.7376736631178472
Early_Fusion,s4,NegBio,raw,Fracture,0.6143551425870943
Early_Fusion,s4,NegBio,raw,Lung_Lesion,0.7044571587566375
Early_Fusion,s4,NegBio,raw,Lung_Opacity,0.7227410854993128
Early_Fusion,s4,NegBio,raw,Pleural_Effusion,0.8001722095499726
Early_Fusion,s4,NegBio,raw,Pneumonia,0.7403714494371707
Early_Fusion,s4,NegBio,raw,Pneumothorax,0.7994695785721035
Early_Fusion,s4,NegBio,raw,Pleural_Other,0.816027795187748
Early_Fusion,s4,NegBio,raw,Support_Devices,0.9072798087416106
Early_Fusion,s4,NegBio,raw,No_Finding,0.8287477447925209
BioViL-T,i2,CheXpert,raw,Atelectasis,0.6639544930875576
BioViL-T,i2,CheXpert,raw,Cardiomegaly,0.7867041092797471
BioViL-T,i2,CheXpert,raw,Consolidation,0.5999119630244703
BioViL-T,i2,CheXpert,raw,Edema,0.7914844591999802
BioViL-T,i2,CheXpert,raw,Enlarged_Cardiomediastinum,0.5929670329670329
BioViL-T,i2,CheXpert,raw,Fracture,0.5725668886552167
BioViL-T,i2,CheXpert,raw,Lung_Lesion,0.5557093881856541
BioViL-T,i2,CheXpert,raw,Lung_Opacity,0.5491457678340768
BioViL-T,i2,CheXpert,raw,Pleural_Effusion,0.7766729479327904
BioViL-T,i2,CheXpert,raw,Pneumonia,0.5175022129234731
BioViL-T,i2,CheXpert,raw,Pneumothorax,0.6962962962962964
BioViL-T,i2,CheXpert,raw,Pleural_Other,0.6150155601659751
BioViL-T,i2,CheXpert,raw,Support_Devices,0.6812881128639128
BioViL-T,i2,CheXpert,raw,No_Finding,0.6877723577235773
EVA-X,XGB,10pct,raw,Atelectasis,0.7223862327188939
EVA-X,XGB,10pct,raw,Cardiomegaly,0.8164794536012644
EVA-X,XGB,10pct,raw,Consolidation,0.6995338041977631
EVA-X,XGB,10pct,raw,Edema,0.795665423733013
EVA-X,XGB,10pct,raw,Enlarged_Cardiomediastinum,0.646007326007326
EVA-X,XGB,10pct,raw,Fracture,0.5421194064727188
EVA-X,XGB,10pct,raw,Lung_Lesion,0.6671721167369902
EVA-X,XGB,10pct,raw,Lung_Opacity,0.6594916039092393
EVA-X,XGB,10pct,raw,Pleural_Effusion,0.8853725015142339
EVA-X,XGB,10pct,raw,Pneumonia,0.5791064259721216
EVA-X,XGB,10pct,raw,Pneumothorax,0.7577981651376147
EVA-X,XGB,10pct,raw,Pleural_Other,0.7076957987551866
EVA-X,XGB,10pct,raw,Support_Devices,0.7432835279939836
EVA-X,XGB,10pct,raw,No_Finding,0.7568943089430894
CXR_Foundation,i2,5pct,raw,Atelectasis,0.775804651497696
CXR_Foundation,i2,5pct,raw,Cardiomegaly,0.7944583991871755
CXR_Foundation,i2,5pct,raw,Consolidation,0.7492746953720563
CXR_Foundation,i2,5pct,raw,Edema,0.8621458568189984
CXR_Foundation,i2,5pct,raw,Enlarged_Cardiomediastinum,0.6545543345543345
CXR_Foundation,i2,5pct,raw,Fracture,0.6688631849515131
CXR_Foundation,i2,5pct,raw,Lung_Lesion,0.7088827355836849
CXR_Foundation,i2,5pct,raw,Lung_Opacity,0.7155955253345031
CXR_Foundation,i2,5pct,raw,Pleural_Effusion,0.9000942189918568
CXR_Foundation,i2,5pct,raw,Pneumonia,0.6961901951843209
CXR_Foundation,i2,5pct,raw,Pneumothorax,0.8495412844036696
CXR_Foundation,i2,5pct,raw,Pleural_Other,0.7499027489626556
CXR_Foundation,i2,5pct,raw,Support_Devices,0.8243886085010375
CXR_Foundation,i2,5pct,raw,No_Finding,0.7787371273712737
CheXFound,LR,CheXpert,pca95,Atelectasis,0.7520881336405529
CheXFound,LR,CheXpert,pca95,Cardiomegaly,0.8360451004741477
CheXFound,LR,CheXpert,pca95,Consolidation,0.7934932671722122
CheXFound,LR,CheXpert,pca95,Edema,0.8501294550499857
CheXFound,LR,CheXpert,pca95,Enlarged_Cardiomediastinum,0.777094017094017
CheXFound,LR,CheXpert,pca95,Fracture,0.7182147447131675
CheXFound,LR,CheXpert,pca95,Lung_Lesion,0.7727013009845288
CheXFound,LR,CheXpert,pca95,Lung_Opacity,0.7195242621432575
CheXFound,LR,CheXpert,pca95,Pleural_Effusion,0.9050967987975862
CheXFound,LR,CheXpert,pca95,Pneumonia,0.6796938565667945
CheXFound,LR,CheXpert,pca95,Pneumothorax,0.8494733265375467
CheXFound,LR,CheXpert,pca95,Pleural_Other,0.7867608921161825
CheXFound,LR,CheXpert,pca95,Support_Devices,0.7983291501680817
CheXFound,LR,CheXpert,pca95,No_Finding,0.7982330623306234
CheXagent,LR,5pct,pca95,Atelectasis,0.7302437355990783
CheXagent,LR,5pct,pca95,Cardiomegaly,0.7868946150372543
CheXagent,LR,5pct,pca95,Consolidation,0.7312871405990516
CheXagent,LR,5pct,pca95,Edema,0.8475651301363922
CheXagent,LR,5pct,pca95,Enlarged_Cardiomediastinum,0.6357020757020757
CheXagent,LR,5pct,pca95,Fracture,0.8302605444561282
CheXagent,LR,5pct,pca95,Lung_Lesion,0.7851837201125176
CheXagent,LR,5pct,pca95,Lung_Opacity,0.6994418854037191
CheXagent,LR,5pct,pca95,Pleural_Effusion,0.8719575117212912
CheXagent,LR,5pct,pca95,Pneumonia,0.7350124728413938
CheXagent,LR,5pct,pca95,Pneumothorax,0.9151206252123684
CheXagent,LR,5pct,pca95,Pleural_Other,0.792984958506224
CheXagent,LR,5pct,pca95,Support_Devices,0.8887489466578472
CheXagent,LR,5pct,pca95,No_Finding,0.7084173441734417
BioViL-T,s4,10pct,raw,Atelectasis,0.5942863341150801
BioViL-T,s4,10pct,raw,Cardiomegaly,0.677050767938016
BioViL-T,s4,10pct,raw,Consolidation,0.5295263458660462
BioViL-T,s4,10pct,raw,Edema,0.6691571396550975
BioViL-T,s4,10pct,raw,Enlarged_Cardiomediastinum,0.5930786591749164
BioViL-T,s4,10pct,raw,Fracture,0.513980809798936
BioViL-T,s4,10pct,raw,Lung_Lesion,0.49630512844195396
BioViL-T,s4,10pct,raw,Lung_Opacity,0.5252125017006675
BioViL-T,s4,10pct,raw,Pleural_Effusion,0.614862933373586
BioViL-T,s4,10pct,raw,Pneumonia,0.5433210736568068
BioViL-T,s4,10pct,raw,Pneumothorax,0.6717871209341897
BioViL-T,s4,10pct,raw,Pleural_Other,0.5689373293876062
BioViL-T,s4,10pct,raw,Support_Devices,0.7524270231501567
BioViL-T,s4,10pct,raw,No_Finding,0.6774281842818428
CheXagent,LR,NegBio,l2,Atelectasis,0.7932670101261325
CheXagent,LR,NegBio,l2,Cardiomegaly,0.8446111071047971
CheXagent,LR,NegBio,l2,Consolidation,0.8007195093182355
CheXagent,LR,NegBio,l2,Edema,0.8710953143772527
CheXagent,LR,NegBio,l2,Enlarged_Cardiomediastinum,0.7202442002442002
CheXagent,LR,NegBio,l2,Fracture,0.845936907257662
CheXagent,LR,NegBio,l2,Lung_Lesion,0.8315808353698181
CheXagent,LR,NegBio,l2,Lung_Opacity,0.7579710852788902
CheXagent,LR,NegBio,l2,Pleural_Effusion,0.920354183221705
CheXagent,LR,NegBio,l2,Pneumonia,0.7971618828932261
CheXagent,LR,NegBio,l2,Pneumothorax,0.9130139313625552
CheXagent,LR,NegBio,l2,Pleural_Other,0.8543692375468076
CheXagent,LR,NegBio,l2,Support_Devices,0.9038714121699196
CheXagent,LR,NegBio,l2,No_Finding,0.8229047072330654
CheXFound,LR,CheXpert,l2,Atelectasis,0.7640048963133641
CheXFound,LR,CheXpert,l2,Cardiomegaly,0.8377455407541208
CheXFound,LR,CheXpert,l2,Consolidation,0.7885912083074892
CheXFound,LR,CheXpert,l2,Edema,0.8588382493217547
CheXFound,LR,CheXpert,l2,Enlarged_Cardiomediastinum,0.7597069597069597
CheXFound,LR,CheXpert,l2,Fracture,0.704428087393387
CheXFound,LR,CheXpert,l2,Lung_Lesion,0.7728990857946554
CheXFound,LR,CheXpert,l2,Lung_Opacity,0.7217615948916671
CheXFound,LR,CheXpert,l2,Pleural_Effusion,0.9066110325952846
CheXFound,LR,CheXpert,l2,Pneumonia,0.6861225110199118
CheXFound,LR,CheXpert,l2,Pneumothorax,0.8613659531090724
CheXFound,LR,CheXpert,l2,Pleural_Other,0.8028397302904564
CheXFound,LR,CheXpert,l2,Support_Devices,0.8168860940713827
CheXFound,LR,CheXpert,l2,No_Finding,0.7999024390243903
CXR_Foundation,XGB,CheXpert,l2,Atelectasis,0.7951108870967741
CXR_Foundation,XGB,CheXpert,l2,Cardiomegaly,0.806911831113118
CXR_Foundation,XGB,CheXpert,l2,Consolidation,0.7906620780727907
CXR_Foundation,XGB,CheXpert,l2,Edema,0.8616936932472776
CXR_Foundation,XGB,CheXpert,l2,Enlarged_Cardiomediastinum,0.6891330891330891
CXR_Foundation,XGB,CheXpert,l2,Fracture,0.5744596331347119
CXR_Foundation,XGB,CheXpert,l2,Lung_Lesion,0.7093332454289734
CXR_Foundation,XGB,CheXpert,l2,Lung_Opacity,0.7410397016889669
CXR_Foundation,XGB,CheXpert,l2,Pleural_Effusion,0.9099255221302466
CXR_Foundation,XGB,CheXpert,l2,Pneumonia,0.7203132963171589
CXR_Foundation,XGB,CheXpert,l2,Pneumothorax,0.8861705742439688
CXR_Foundation,XGB,CheXpert,l2,Pleural_Other,0.788576244813278
CXR_Foundation,XGB,CheXpert,l2,Support_Devices,0.8454373295397914
CXR_Foundation,XGB,CheXpert,l2,No_Finding,0.8007127371273712
Early_Fusion,LR,5pct,pca95,Atelectasis,0.7484158986175116
Early_Fusion,LR,5pct,pca95,Cardiomegaly,0.7614656242944231
Early_Fusion,LR,5pct,pca95,Consolidation,0.6735829048200244
Early_Fusion,LR,5pct,pca95,Edema,0.8337400740804976
Early_Fusion,LR,5pct,pca95,Enlarged_Cardiomediastinum,0.5902319902319902
Early_Fusion,LR,5pct,pca95,Fracture,0.7489426334852203
Early_Fusion,LR,5pct,pca95,Lung_Lesion,0.7652953586497889
Early_Fusion,LR,5pct,pca95,Lung_Opacity,0.6812751334356949
Early_Fusion,LR,5pct,pca95,Pleural_Effusion,0.8749579379500639
Early_Fusion,LR,5pct,pca95,Pneumonia,0.6747315433241239
Early_Fusion,LR,5pct,pca95,Pneumothorax,0.9305470608222901
Early_Fusion,LR,5pct,pca95,Pleural_Other,0.7489950726141078
Early_Fusion,LR,5pct,pca95,Support_Devices,0.8473673241937968
Early_Fusion,LR,5pct,pca95,No_Finding,0.6853441734417344
MedSigLIP,LR,1pct,pca95,Atelectasis,0.6755112327188941
MedSigLIP,LR,1pct,pca95,Cardiomegaly,0.7437697561526304
MedSigLIP,LR,1pct,pca95,Consolidation,0.6004521899197663
MedSigLIP,LR,1pct,pca95,Edema,0.7537752561227903
MedSigLIP,LR,1pct,pca95,Enlarged_Cardiomediastinum,0.5136996336996337
MedSigLIP,LR,1pct,pca95,Fracture,0.6334618530202126
MedSigLIP,LR,1pct,pca95,Lung_Lesion,0.5219980661040787
MedSigLIP,LR,1pct,pca95,Lung_Opacity,0.588823084984524
MedSigLIP,LR,1pct,pca95,Pleural_Effusion,0.7944006999125109
MedSigLIP,LR,1pct,pca95,Pneumonia,0.667829010309094
MedSigLIP,LR,1pct,pca95,Pneumothorax,0.7837580699966021
MedSigLIP,LR,1pct,pca95,Pleural_Other,0.4496563796680497
MedSigLIP,LR,1pct,pca95,Support_Devices,0.752661671031052
MedSigLIP,LR,1pct,pca95,No_Finding,0.6147533875338753
CheXFound,i2,10pct,raw,Atelectasis,0.7483618951612905
CheXFound,i2,10pct,raw,Cardiomegaly,0.8150330209979679
CheXFound,i2,10pct,raw,Consolidation,0.7637007543168131
CheXFound,i2,10pct,raw,Edema,0.8532760179874386
CheXFound,i2,10pct,raw,Enlarged_Cardiomediastinum,0.5906715506715506
CheXFound,i2,10pct,raw,Fracture,0.6976282275966819
CheXFound,i2,10pct,raw,Lung_Lesion,0.7223101265822784
CheXFound,i2,10pct,raw,Lung_Opacity,0.6788818210621238
CheXFound,i2,10pct,raw,Pleural_Effusion,0.8929436705027256
CheXFound,i2,10pct,raw,Pneumonia,0.6259578158668848
CheXFound,i2,10pct,raw,Pneumothorax,0.8
CheXFound,i2,10pct,raw,Pleural_Other,0.699721213692946
CheXFound,i2,10pct,raw,Support_Devices,0.7955927258229659
CheXFound,i2,10pct,raw,No_Finding,0.7668834688346884
Early_Fusion,LR,NegBio,l2,Atelectasis,0.7922277491561557
Early_Fusion,LR,NegBio,l2,Cardiomegaly,0.8387699013645504
Early_Fusion,LR,NegBio,l2,Consolidation,0.7842454981520799
Early_Fusion,LR,NegBio,l2,Edema,0.8831472767320785
Early_Fusion,LR,NegBio,l2,Enlarged_Cardiomediastinum,0.6859096459096459
Early_Fusion,LR,NegBio,l2,Fracture,0.813392233203554
Early_Fusion,LR,NegBio,l2,Lung_Lesion,0.8319171356186804
Early_Fusion,LR,NegBio,l2,Lung_Opacity,0.7638468301260136
Early_Fusion,LR,NegBio,l2,Pleural_Effusion,0.9244976728346009
Early_Fusion,LR,NegBio,l2,Pneumonia,0.7753295063145809
Early_Fusion,LR,NegBio,l2,Pneumothorax,0.8916751613999321
Early_Fusion,LR,NegBio,l2,Pleural_Other,0.7956826835331509
Early_Fusion,LR,NegBio,l2,Support_Devices,0.9031090700344431
Early_Fusion,LR,NegBio,l2,No_Finding,0.8206084959816302
BioViL-T,i2,10pct,raw,Atelectasis,0.6477534562211981
BioViL-T,i2,10pct,raw,Cardiomegaly,0.7634341837886657
BioViL-T,i2,10pct,raw,Consolidation,0.5789431561255728
BioViL-T,i2,10pct,raw,Edema,0.7606506200215553
BioViL-T,i2,10pct,raw,Enlarged_Cardiomediastinum,0.5618070818070818
BioViL-T,i2,10pct,raw,Fracture,0.5504848697277719
BioViL-T,i2,10pct,raw,Lung_Lesion,0.5627637130801688
BioViL-T,i2,10pct,raw,Lung_Opacity,0.5372620701420878
BioViL-T,i2,10pct,raw,Pleural_Effusion,0.7645086030912803
BioViL-T,i2,10pct,raw,Pneumonia,0.5276593081372997
BioViL-T,i2,10pct,raw,Pneumothorax,0.7189942235813795
BioViL-T,i2,10pct,raw,Pleural_Other,0.5698586618257262
BioViL-T,i2,10pct,raw,Support_Devices,0.6636825747759665
BioViL-T,i2,10pct,raw,No_Finding,0.6867262872628725
CheXagent,XGB,1pct,raw,Atelectasis,0.7475878456221198
CheXagent,XGB,1pct,raw,Cardiomegaly,0.8340483179047189
CheXagent,XGB,1pct,raw,Consolidation,0.6643290181876388
CheXagent,XGB,1pct,raw,Edema,0.8153066660059711
CheXagent,XGB,1pct,raw,Enlarged_Cardiomediastinum,0.627008547008547
CheXagent,XGB,1pct,raw,Fracture,0.7302488608482299
CheXagent,XGB,1pct,raw,Lung_Lesion,0.6767756680731364
CheXagent,XGB,1pct,raw,Lung_Opacity,0.7291949989032682
CheXagent,XGB,1pct,raw,Pleural_Effusion,0.9194595867824215
CheXagent,XGB,1pct,raw,Pneumonia,0.7094319716030506
CheXagent,XGB,1pct,raw,Pneumothorax,0.8444444444444444
CheXagent,XGB,1pct,raw,Pleural_Other,0.6678228734439834
CheXagent,XGB,1pct,raw,Support_Devices,0.8214483114812029
CheXagent,XGB,1pct,raw,No_Finding,0.790130081300813
BioViL-T,LR,5pct,l2,Atelectasis,0.6307153657834101
BioViL-T,LR,5pct,l2,Cardiomegaly,0.6626001919169112
BioViL-T,LR,5pct,l2,Consolidation,0.5479901558654634
BioViL-T,LR,5pct,l2,Edema,0.660691500563656
BioViL-T,LR,5pct,l2,Enlarged_Cardiomediastinum,0.4695970695970696
BioViL-T,LR,5pct,l2,Fracture,0.47145694590489545
BioViL-T,LR,5pct,l2,Lung_Lesion,0.5812895569620252
BioViL-T,LR,5pct,l2,Lung_Opacity,0.5460871048719261
BioViL-T,LR,5pct,l2,Pleural_Effusion,0.7347454965565201
BioViL-T,LR,5pct,l2,Pneumonia,0.48861350285668304
BioViL-T,LR,5pct,l2,Pneumothorax,0.5809038396194359
BioViL-T,LR,5pct,l2,Pleural_Other,0.6006224066390041
BioViL-T,LR,5pct,l2,Support_Devices,0.6280093872040449
BioViL-T,LR,5pct,l2,No_Finding,0.6655555555555557
MedSigLIP,XGB,5pct,l2,Atelectasis,0.7549773185483872
MedSigLIP,XGB,5pct,l2,Cardiomegaly,0.8229425378189208
MedSigLIP,XGB,5pct,l2,Consolidation,0.7602993257168011
MedSigLIP,XGB,5pct,l2,Edema,0.8478500551267916
MedSigLIP,XGB,5pct,l2,Enlarged_Cardiomediastinum,0.593992673992674
MedSigLIP,XGB,5pct,l2,Fracture,0.5488608482299334
MedSigLIP,XGB,5pct,l2,Lung_Lesion,0.649426424050633
MedSigLIP,XGB,5pct,l2,Lung_Opacity,0.7139479905437351
MedSigLIP,XGB,5pct,l2,Pleural_Effusion,0.9128249994391727
MedSigLIP,XGB,5pct,l2,Pneumonia,0.6619234104950689
MedSigLIP,XGB,5pct,l2,Pneumothorax,0.8667346245327896
MedSigLIP,XGB,5pct,l2,Pleural_Other,0.7723677385892116
MedSigLIP,XGB,5pct,l2,Support_Devices,0.8348631334777055
MedSigLIP,XGB,5pct,l2,No_Finding,0.7829918699186993
BioViL-T,LR,10pct,pca95,Atelectasis,0.48811923963133635
BioViL-T,LR,10pct,pca95,Cardiomegaly,0.5176676450666066
BioViL-T,LR,10pct,pca95,Consolidation,0.39482582684727585
BioViL-T,LR,10pct,pca95,Edema,0.5254760105546128
BioViL-T,LR,10pct,pca95,Enlarged_Cardiomediastinum,0.4555311355311356
BioViL-T,LR,10pct,pca95,Fracture,0.540179927561631
BioViL-T,LR,10pct,pca95,Lung_Lesion,0.4919347749648383
BioViL-T,LR,10pct,pca95,Lung_Opacity,0.44512198094123956
BioViL-T,LR,10pct,pca95,Pleural_Effusion,0.3633600287143594
BioViL-T,LR,10pct,pca95,Pneumonia,0.43696073960820075
BioViL-T,LR,10pct,pca95,Pneumothorax,0.5871559633027523
BioViL-T,LR,10pct,pca95,Pleural_Other,0.46534621369294604
BioViL-T,LR,10pct,pca95,Support_Devices,0.420539492402345
BioViL-T,LR,10pct,pca95,No_Finding,0.6433875338753388
MedSigLIP,XGB,NegBio,raw,Atelectasis,0.7771584650914904
MedSigLIP,XGB,NegBio,raw,Cardiomegaly,0.8191349566917462
MedSigLIP,XGB,NegBio,raw,Consolidation,0.7938389557285523
MedSigLIP,XGB,NegBio,raw,Edema,0.8631607929515418
MedSigLIP,XGB,NegBio,raw,Enlarged_Cardiomediastinum,0.7095970695970697
MedSigLIP,XGB,NegBio,raw,Fracture,0.6587426375162224
MedSigLIP,XGB,NegBio,raw,Lung_Lesion,0.713830908234872
MedSigLIP,XGB,NegBio,raw,Lung_Opacity,0.730861092116831
MedSigLIP,XGB,NegBio,raw,Pleural_Effusion,0.907367465092519
MedSigLIP,XGB,NegBio,raw,Pneumonia,0.7307646383467279
MedSigLIP,XGB,NegBio,raw,Pneumothorax,0.8578321440706761
MedSigLIP,XGB,NegBio,raw,Pleural_Other,0.8129582428647849
MedSigLIP,XGB,NegBio,raw,Support_Devices,0.8165694603903558
MedSigLIP,XGB,NegBio,raw,No_Finding,0.8062879284894211
MedSigLIP,XGB,5pct,pca95,Atelectasis,0.7614757344470047
MedSigLIP,XGB,5pct,pca95,Cardiomegaly,0.7333766087152856
MedSigLIP,XGB,5pct,pca95,Consolidation,0.6000520218491767
MedSigLIP,XGB,5pct,pca95,Edema,0.8148854725419025
MedSigLIP,XGB,5pct,pca95,Enlarged_Cardiomediastinum,0.6548473748473749
MedSigLIP,XGB,5pct,pca95,Fracture,0.6152821591307396
MedSigLIP,XGB,5pct,pca95,Lung_Lesion,0.6450861462728552
MedSigLIP,XGB,5pct,pca95,Lung_Opacity,0.675737856742463
MedSigLIP,XGB,5pct,pca95,Pleural_Effusion,0.8818392893196042
MedSigLIP,XGB,5pct,pca95,Pneumonia,0.6455835412140232
MedSigLIP,XGB,5pct,pca95,Pneumothorax,0.8519877675840979
MedSigLIP,XGB,5pct,pca95,Pleural_Other,0.5360315093360996
MedSigLIP,XGB,5pct,pca95,Support_Devices,0.8277230593586619
MedSigLIP,XGB,5pct,pca95,No_Finding,0.7661084010840109
BioViL-T,LR,1pct,raw,Atelectasis,0.6078719038018433
BioViL-T,LR,1pct,raw,Cardiomegaly,0.6736918604651163
BioViL-T,LR,1pct,raw,Consolidation,0.46529542407811275
BioViL-T,LR,1pct,raw,Edema,0.6828537095994945
BioViL-T,LR,1pct,raw,Enlarged_Cardiomediastinum,0.5386080586080586
BioViL-T,LR,1pct,raw,Fracture,0.5536394438602641
BioViL-T,LR,1pct,raw,Lung_Lesion,0.5959915611814346
BioViL-T,LR,1pct,raw,Lung_Opacity,0.5259486729545952
BioViL-T,LR,1pct,raw,Pleural_Effusion,0.730777643179218
BioViL-T,LR,1pct,raw,Pneumonia,0.47791100024140987
BioViL-T,LR,1pct,raw,Pneumothorax,0.7104315324498811
BioViL-T,LR,1pct,raw,Pleural_Other,0.5639587655601659
BioViL-T,LR,1pct,raw,Support_Devices,0.6420448882324693
BioViL-T,LR,1pct,raw,No_Finding,0.6625907859078591
CXR_Foundation,s4,10pct,raw,Atelectasis,0.6359880444634531
CXR_Foundation,s4,10pct,raw,Cardiomegaly,0.7470923768705815
CXR_Foundation,s4,10pct,raw,Consolidation,0.6579972299645231
CXR_Foundation,s4,10pct,raw,Edema,0.7767670224281624
CXR_Foundation,s4,10pct,raw,Enlarged_Cardiomediastinum,0.707097424350345
CXR_Foundation,s4,10pct,raw,Fracture,0.6701678978430203
CXR_Foundation,s4,10pct,raw,Lung_Lesion,0.6851303226893912
CXR_Foundation,s4,10pct,raw,Lung_Opacity,0.7088318653398503
CXR_Foundation,s4,10pct,raw,Pleural_Effusion,0.7704555720056461
CXR_Foundation,s4,10pct,raw,Pneumonia,0.7134973379531989
CXR_Foundation,s4,10pct,raw,Pneumothorax,0.7862947366483672
CXR_Foundation,s4,10pct,raw,Pleural_Other,0.7185767479752688
CXR_Foundation,s4,10pct,raw,Support_Devices,0.7982002333267815
CXR_Foundation,s4,10pct,raw,No_Finding,0.7896856368563686
CheXFound,LR,5pct,raw,Atelectasis,0.7514940956221199
CheXFound,LR,5pct,raw,Cardiomegaly,0.8228014224429895
CheXFound,LR,5pct,raw,Consolidation,0.6421096860681486
CheXFound,LR,5pct,raw,Edema,0.7815616367082492
CheXFound,LR,5pct,raw,Enlarged_Cardiomediastinum,0.5205860805860806
CheXFound,LR,5pct,raw,Fracture,0.6248627176071971
CheXFound,LR,5pct,raw,Lung_Lesion,0.7481320323488045
CheXFound,LR,5pct,raw,Lung_Opacity,0.6860471350929785
CheXFound,LR,5pct,raw,Pleural_Effusion,0.8875260784709603
CheXFound,LR,5pct,raw,Pneumonia,0.6213799701367095
CheXFound,LR,5pct,raw,Pneumothorax,0.7549439347604485
CheXFound,LR,5pct,raw,Pleural_Other,0.7558998962655601
CheXFound,LR,5pct,raw,Support_Devices,0.7662803657022733
CheXFound,LR,5pct,raw,No_Finding,0.7640487804878048
CXR_Foundation,XGB,10pct,l2,Atelectasis,0.783536146313364
CXR_Foundation,XGB,10pct,l2,Cardiomegaly,0.7851624237976971
CXR_Foundation,XGB,10pct,l2,Consolidation,0.7372796574561316
CXR_Foundation,XGB,10pct,l2,Edema,0.8602566802522206
CXR_Foundation,XGB,10pct,l2,Enlarged_Cardiomediastinum,0.6175091575091575
CXR_Foundation,XGB,10pct,l2,Fracture,0.6566654983058768
CXR_Foundation,XGB,10pct,l2,Lung_Lesion,0.7035645218002813
CXR_Foundation,XGB,10pct,l2,Lung_Opacity,0.7237210889327581
CXR_Foundation,XGB,10pct,l2,Pleural_Effusion,0.9071970971577271
CXR_Foundation,XGB,10pct,l2,Pneumonia,0.684410289423567
CXR_Foundation,XGB,10pct,l2,Pneumothorax,0.8304791029561671
CXR_Foundation,XGB,10pct,l2,Pleural_Other,0.7599844398340249
CXR_Foundation,XGB,10pct,l2,Support_Devices,0.8328606507615777
CXR_Foundation,XGB,10pct,l2,No_Finding,0.7978970189701897
CheXFound,XGB,10pct,pca95,Atelectasis,0.6978506624423964
CheXFound,XGB,10pct,pca95,Cardiomegaly,0.785123617069316
CheXFound,XGB,10pct,pca95,Consolidation,0.5682486644390644
CheXFound,XGB,10pct,pca95,Edema,0.7981740024528325
CheXFound,XGB,10pct,pca95,Enlarged_Cardiomediastinum,0.5980708180708182
CheXFound,XGB,10pct,pca95,Fracture,0.523191961677766
CheXFound,XGB,10pct,pca95,Lung_Lesion,0.7106957630098453
CheXFound,XGB,10pct,pca95,Lung_Opacity,0.6011406010089932
CheXFound,XGB,10pct,pca95,Pleural_Effusion,0.871351818202212
CheXFound,XGB,10pct,pca95,Pneumonia,0.5716406033457615
CheXFound,XGB,10pct,pca95,Pneumothorax,0.7938837920489297
CheXFound,XGB,10pct,pca95,Pleural_Other,0.5940093360995851
CheXFound,XGB,10pct,pca95,Support_Devices,0.7175140219095169
CheXFound,XGB,10pct,pca95,No_Finding,0.7576910569105691
BioViL-T,i4,10pct,raw,Atelectasis,0.4898473864833226
BioViL-T,i4,10pct,raw,Cardiomegaly,0.6595285397554034
BioViL-T,i4,10pct,raw,Consolidation,0.5262640357561101
BioViL-T,i4,10pct,raw,Edema,0.6633676191921781
BioViL-T,i4,10pct,raw,Enlarged_Cardiomediastinum,0.6244780121923562
BioViL-T,i4,10pct,raw,Fracture,0.5646759340824943
BioViL-T,i4,10pct,raw,Lung_Lesion,0.5464087704162612
BioViL-T,i4,10pct,raw,Lung_Opacity,0.5637293720823437
BioViL-T,i4,10pct,raw,Pleural_Effusion,0.6275432875793875
BioViL-T,i4,10pct,raw,Pneumonia,0.5328647080904108
BioViL-T,i4,10pct,raw,Pneumothorax,0.6317545578550983
BioViL-T,i4,10pct,raw,Pleural_Other,0.5200115751611202
BioViL-T,i4,10pct,raw,Support_Devices,0.5098522174406559
BioViL-T,i4,10pct,raw,No_Finding,0.6784661246612466
MedSigLIP,s4,1pct,raw,Atelectasis,0.7046950903596487
MedSigLIP,s4,1pct,raw,Cardiomegaly,0.7290449164609792
MedSigLIP,s4,1pct,raw,Consolidation,0.5721623546120455
MedSigLIP,s4,1pct,raw,Edema,0.7458008859905925
MedSigLIP,s4,1pct,raw,Enlarged_Cardiomediastinum,0.6508804237805279
MedSigLIP,s4,1pct,raw,Fracture,0.5325614331371235
MedSigLIP,s4,1pct,raw,Lung_Lesion,0.5834979562628909
MedSigLIP,s4,1pct,raw,Lung_Opacity,0.611050332281609
MedSigLIP,s4,1pct,raw,Pleural_Effusion,0.7547582374582555
MedSigLIP,s4,1pct,raw,Pneumonia,0.672235032646531
MedSigLIP,s4,1pct,raw,Pneumothorax,0.6793884966476267
MedSigLIP,s4,1pct,raw,Pleural_Other,0.5778912206751716
MedSigLIP,s4,1pct,raw,Support_Devices,0.7603838488868242
MedSigLIP,s4,1pct,raw,No_Finding,0.7697073170731707
EVA-X,LR,CheXpert,pca95,Atelectasis,0.7552743375576038
EVA-X,LR,CheXpert,pca95,Cardiomegaly,0.8285659855497856
EVA-X,LR,CheXpert,pca95,Consolidation,0.7447327877708637
EVA-X,LR,CheXpert,pca95,Edema,0.846759907337438
EVA-X,LR,CheXpert,pca95,Enlarged_Cardiomediastinum,0.6881562881562882
EVA-X,LR,CheXpert,pca95,Fracture,0.6322000233672158
EVA-X,LR,CheXpert,pca95,Lung_Lesion,0.6757867440225036
EVA-X,LR,CheXpert,pca95,Lung_Opacity,0.7012112792766445
EVA-X,LR,CheXpert,pca95,Pleural_Effusion,0.8919173564842857
EVA-X,LR,CheXpert,pca95,Pneumonia,0.6681151256672301
EVA-X,LR,CheXpert,pca95,Pneumothorax,0.8839959225280327
EVA-X,LR,CheXpert,pca95,Pleural_Other,0.7995980290456431
EVA-X,LR,CheXpert,pca95,Support_Devices,0.7873472087565578
EVA-X,LR,CheXpert,pca95,No_Finding,0.7752791327913279
EVA-X,LR,CheXpert,raw,Atelectasis,0.7677311347926268
EVA-X,LR,CheXpert,raw,Cardiomegaly,0.834323492887785
EVA-X,LR,CheXpert,raw,Consolidation,0.7617999559815122
EVA-X,LR,CheXpert,raw,Edema,0.8556421342120586
EVA-X,LR,CheXpert,raw,Enlarged_Cardiomediastinum,0.6788766788766789
EVA-X,LR,CheXpert,raw,Fracture,0.6704521556256573
EVA-X,LR,CheXpert,raw,Lung_Lesion,0.7046853023909986
EVA-X,LR,CheXpert,raw,Lung_Opacity,0.7122419633935317
EVA-X,LR,CheXpert,raw,Pleural_Effusion,0.8991744621665883
EVA-X,LR,CheXpert,raw,Pneumonia,0.7053011811199628
EVA-X,LR,CheXpert,raw,Pneumothorax,0.8782874617737003
EVA-X,LR,CheXpert,raw,Pleural_Other,0.7848482883817427
EVA-X,LR,CheXpert,raw,Support_Devices,0.8093835796417278
EVA-X,LR,CheXpert,raw,No_Finding,0.7801084010840108
BioViL-T,i2,NegBio,raw,Atelectasis,0.6725972641677029
BioViL-T,i2,NegBio,raw,Cardiomegaly,0.7744685624544281
BioViL-T,i2,NegBio,raw,Consolidation,0.6128607375953448
BioViL-T,i2,NegBio,raw,Edema,0.781750600720865
BioViL-T,i2,NegBio,raw,Enlarged_Cardiomediastinum,0.5823687423687424
BioViL-T,i2,NegBio,raw,Fracture,0.6053958270939404
BioViL-T,i2,NegBio,raw,Lung_Lesion,0.5670470596148242
BioViL-T,i2,NegBio,raw,Lung_Opacity,0.5734883266582006
BioViL-T,i2,NegBio,raw,Pleural_Effusion,0.7847144965376319
BioViL-T,i2,NegBio,raw,Pneumonia,0.5413363949483353
BioViL-T,i2,NegBio,raw,Pneumothorax,0.6852191641182467
BioViL-T,i2,NegBio,raw,Pleural_Other,0.6091758708581139
BioViL-T,i2,NegBio,raw,Support_Devices,0.6882755453501722
BioViL-T,i2,NegBio,raw,No_Finding,0.7091756191569625
CXR_Foundation,XGB,1pct,raw,Atelectasis,0.7705213133640554
CXR_Foundation,XGB,1pct,raw,Cardiomegaly,0.765861368254685
CXR_Foundation,XGB,1pct,raw,Consolidation,0.695742211728926
CXR_Foundation,XGB,1pct,raw,Edema,0.8019647436294488
CXR_Foundation,XGB,1pct,raw,Enlarged_Cardiomediastinum,0.6422222222222222
CXR_Foundation,XGB,1pct,raw,Fracture,0.6463839233555322
CXR_Foundation,XGB,1pct,raw,Lung_Lesion,0.6384273909985936
CXR_Foundation,XGB,1pct,raw,Lung_Opacity,0.6853988447759011
CXR_Foundation,XGB,1pct,raw,Pleural_Effusion,0.8849294479215738
CXR_Foundation,XGB,1pct,raw,Pneumonia,0.6656205573884821
CXR_Foundation,XGB,1pct,raw,Pneumothorax,0.8042133876996262
CXR_Foundation,XGB,1pct,raw,Pleural_Other,0.6068626815352697
CXR_Foundation,XGB,1pct,raw,Support_Devices,0.7700270924132182
CXR_Foundation,XGB,1pct,raw,No_Finding,0.7554850948509484
EVA-X,s4,CheXpert,raw,Atelectasis,0.7153908902572224
EVA-X,s4,CheXpert,raw,Cardiomegaly,0.7635615741520521
EVA-X,s4,CheXpert,raw,Consolidation,0.6831396243268278
EVA-X,s4,CheXpert,raw,Edema,0.7961356240748123
EVA-X,s4,CheXpert,raw,Enlarged_Cardiomediastinum,0.70654244761577
EVA-X,s4,CheXpert,raw,Fracture,0.7495367719843592
EVA-X,s4,CheXpert,raw,Lung_Lesion,0.7047964117046266
EVA-X,s4,CheXpert,raw,Lung_Opacity,0.7253447943467385
EVA-X,s4,CheXpert,raw,Pleural_Effusion,0.7901584531590662
EVA-X,s4,CheXpert,raw,Pneumonia,0.7189234409384472
EVA-X,s4,CheXpert,raw,Pneumothorax,0.745539557486703
EVA-X,s4,CheXpert,raw,Pleural_Other,0.7986909544950045
EVA-X,s4,CheXpert,raw,Support_Devices,0.8695011606714812
EVA-X,s4,CheXpert,raw,No_Finding,0.7951571815718157
CXR_Foundation,LR,CheXpert,pca95,Atelectasis,0.7916366647465438
CXR_Foundation,LR,CheXpert,pca95,Cardiomegaly,0.7973230413185821
CXR_Foundation,LR,CheXpert,pca95,Consolidation,0.786930510814542
CXR_Foundation,LR,CheXpert,pca95,Edema,0.8615760068381998
CXR_Foundation,LR,CheXpert,pca95,Enlarged_Cardiomediastinum,0.6858608058608058
CXR_Foundation,LR,CheXpert,pca95,Fracture,0.6890758266152588
CXR_Foundation,LR,CheXpert,pca95,Lung_Lesion,0.7080036919831224
CXR_Foundation,LR,CheXpert,pca95,Lung_Opacity,0.7373254368648094
CXR_Foundation,LR,CheXpert,pca95,Pleural_Effusion,0.8895450568678916
CXR_Foundation,LR,CheXpert,pca95,Pneumonia,0.7109698416530316
CXR_Foundation,LR,CheXpert,pca95,Pneumothorax,0.853414882772681
CXR_Foundation,LR,CheXpert,pca95,Pleural_Other,0.8289354253112033
CXR_Foundation,LR,CheXpert,pca95,Support_Devices,0.8396926506166015
CXR_Foundation,LR,CheXpert,pca95,No_Finding,0.7607262872628726
CXR_Foundation,i2,NegBio,raw,Atelectasis,0.7833895896251555
CXR_Foundation,i2,NegBio,raw,Cardiomegaly,0.816158265426312
CXR_Foundation,i2,NegBio,raw,Consolidation,0.7995989620193442
CXR_Foundation,i2,NegBio,raw,Edema,0.8721966359631557
CXR_Foundation,i2,NegBio,raw,Enlarged_Cardiomediastinum,0.6976800976800976
CXR_Foundation,i2,NegBio,raw,Fracture,0.7547169811320755
CXR_Foundation,i2,NegBio,raw,Lung_Lesion,0.7303993004954823
CXR_Foundation,i2,NegBio,raw,Lung_Opacity,0.7392644329393377
CXR_Foundation,i2,NegBio,raw,Pleural_Effusion,0.9168180270178227
CXR_Foundation,i2,NegBio,raw,Pneumonia,0.7295246842709529
CXR_Foundation,i2,NegBio,raw,Pneumothorax,0.8603465851172273
CXR_Foundation,i2,NegBio,raw,Pleural_Other,0.7936687749771862
CXR_Foundation,i2,NegBio,raw,Support_Devices,0.8747370838117107
CXR_Foundation,i2,NegBio,raw,No_Finding,0.8062674266032476
CXR_Foundation,i4,NegBio,raw,Atelectasis,0.6830066594510652
CXR_Foundation,i4,NegBio,raw,Cardiomegaly,0.7142583943924437
CXR_Foundation,i4,NegBio,raw,Consolidation,0.6914877699442428
CXR_Foundation,i4,NegBio,raw,Edema,0.7675235322948852
CXR_Foundation,i4,NegBio,raw,Enlarged_Cardiomediastinum,0.6855353951111234
CXR_Foundation,i4,NegBio,raw,Fracture,0.635907154780773
CXR_Foundation,i4,NegBio,raw,Lung_Lesion,0.6722112610817539
CXR_Foundation,i4,NegBio,raw,Lung_Opacity,0.6934334615746689
CXR_Foundation,i4,NegBio,raw,Pleural_Effusion,0.7608850580349192
CXR_Foundation,i4,NegBio,raw,Pneumonia,0.7123274993647185
CXR_Foundation,i4,NegBio,raw,Pneumothorax,0.7144477396455053
CXR_Foundation,i4,NegBio,raw,Pleural_Other,0.663451550856213
CXR_Foundation,i4,NegBio,raw,Support_Devices,0.8113069282666272
CXR_Foundation,i4,NegBio,raw,No_Finding,0.8042146752501231
BioViL-T,i4,1pct,raw,Atelectasis,0.49283541979297363
BioViL-T,i4,1pct,raw,Cardiomegaly,0.5670931738559525
BioViL-T,i4,1pct,raw,Consolidation,0.5139449703240551
BioViL-T,i4,1pct,raw,Edema,0.6426585795275561
BioViL-T,i4,1pct,raw,Enlarged_Cardiomediastinum,0.5682438373035168
BioViL-T,i4,1pct,raw,Fracture,0.5322869882670765
BioViL-T,i4,1pct,raw,Lung_Lesion,0.507053047943939
BioViL-T,i4,1pct,raw,Lung_Opacity,0.5370958455787906
BioViL-T,i4,1pct,raw,Pleural_Effusion,0.6004402999977773
BioViL-T,i4,1pct,raw,Pneumonia,0.5286747004567803
BioViL-T,i4,1pct,raw,Pneumothorax,0.6025073573151364
BioViL-T,i4,1pct,raw,Pleural_Other,0.45867530880163154
BioViL-T,i4,1pct,raw,Support_Devices,0.49951053733131345
BioViL-T,i4,1pct,raw,No_Finding,0.6657452574525745
CheXagent,s4,5pct,raw,Atelectasis,0.7043865788501382
CheXagent,s4,5pct,raw,Cardiomegaly,0.7555870756279361
CheXagent,s4,5pct,raw,Consolidation,0.6649730982296747
CheXagent,s4,5pct,raw,Edema,0.7790701039475701
CheXagent,s4,5pct,raw,Enlarged_Cardiomediastinum,0.7127428162415825
CheXagent,s4,5pct,raw,Fracture,0.6491479077304053
CheXagent,s4,5pct,raw,Lung_Lesion,0.6615768152432908
CheXagent,s4,5pct,raw,Lung_Opacity,0.6943637641071595
CheXagent,s4,5pct,raw,Pleural_Effusion,0.7757440591920378
CheXagent,s4,5pct,raw,Pneumonia,0.7317226653504083
CheXagent,s4,5pct,raw,Pneumothorax,0.7731164117201755
CheXagent,s4,5pct,raw,Pleural_Other,0.793151740471056
CheXagent,s4,5pct,raw,Support_Devices,0.9025090633736323
CheXagent,s4,5pct,raw,No_Finding,0.8067506775067751
MedSigLIP,XGB,NegBio,pca95,Atelectasis,0.7826434535441462
MedSigLIP,XGB,NegBio,pca95,Cardiomegaly,0.7582910667211525
MedSigLIP,XGB,NegBio,pca95,Consolidation,0.7238637257214751
MedSigLIP,XGB,NegBio,pca95,Edema,0.8489312174609531
MedSigLIP,XGB,NegBio,pca95,Enlarged_Cardiomediastinum,0.6942124542124541
MedSigLIP,XGB,NegBio,pca95,Fracture,0.5603848457622043
MedSigLIP,XGB,NegBio,pca95,Lung_Lesion,0.7410263883595274
MedSigLIP,XGB,NegBio,pca95,Lung_Opacity,0.7386294812933476
MedSigLIP,XGB,NegBio,pca95,Pleural_Effusion,0.8893290952435011
MedSigLIP,XGB,NegBio,pca95,Pneumonia,0.7410516647531574
MedSigLIP,XGB,NegBio,pca95,Pneumothorax,0.8651715936119606
MedSigLIP,XGB,NegBio,pca95,Pleural_Other,0.7020674030019824
MedSigLIP,XGB,NegBio,pca95,Support_Devices,0.836142365097589
MedSigLIP,XGB,NegBio,pca95,No_Finding,0.7990712645563394
BioViL-T,XGB,5pct,raw,Atelectasis,0.587080573156682
BioViL-T,XGB,5pct,raw,Cardiomegaly,0.6755334161210206
BioViL-T,XGB,5pct,raw,Consolidation,0.605374257188019
BioViL-T,XGB,5pct,raw,Edema,0.669121563866556
BioViL-T,XGB,5pct,raw,Enlarged_Cardiomediastinum,0.5896947496947497
BioViL-T,XGB,5pct,raw,Fracture,0.5122794719009229
BioViL-T,XGB,5pct,raw,Lung_Lesion,0.5849815400843883
BioViL-T,XGB,5pct,raw,Lung_Opacity,0.566639857668592
BioViL-T,XGB,5pct,raw,Pleural_Effusion,0.7152287053861857
BioViL-T,XGB,5pct,raw,Pneumonia,0.48306554724032796
BioViL-T,XGB,5pct,raw,Pneumothorax,0.6899762147468569
BioViL-T,XGB,5pct,raw,Pleural_Other,0.532935684647303
BioViL-T,XGB,5pct,raw,Support_Devices,0.6337540661272346
BioViL-T,XGB,5pct,raw,No_Finding,0.6629647696476965
CheXFound,XGB,CheXpert,pca95,Atelectasis,0.7255364343317974
CheXFound,XGB,CheXpert,pca95,Cardiomegaly,0.8162677805373674
CheXFound,XGB,CheXpert,pca95,Consolidation,0.7216430900978411
CheXFound,XGB,CheXpert,pca95,Edema,0.844988417179738
CheXFound,XGB,CheXpert,pca95,Enlarged_Cardiomediastinum,0.5756288156288156
CheXFound,XGB,CheXpert,pca95,Fracture,0.5850917163220002
CheXFound,XGB,CheXpert,pca95,Lung_Lesion,0.7130801687763713
CheXFound,XGB,CheXpert,pca95,Lung_Opacity,0.6856815578465062
CheXFound,XGB,CheXpert,pca95,Pleural_Effusion,0.8928819794961528
CheXFound,XGB,CheXpert,pca95,Pneumonia,0.6138783830905824
CheXFound,XGB,CheXpert,pca95,Pneumothorax,0.7974176010873258
CheXFound,XGB,CheXpert,pca95,Pleural_Other,0.6877755446058091
CheXFound,XGB,CheXpert,pca95,Support_Devices,0.7612062013537145
CheXFound,XGB,CheXpert,pca95,No_Finding,0.7718211382113821
CheXagent,XGB,10pct,raw,Atelectasis,0.7723034274193548
CheXagent,XGB,10pct,raw,Cardiomegaly,0.8268267385414315
CheXagent,XGB,10pct,raw,Consolidation,0.7894315612557274
CheXagent,XGB,10pct,raw,Edema,0.8764726286188571
CheXagent,XGB,10pct,raw,Enlarged_Cardiomediastinum,0.5900854700854701
CheXagent,XGB,10pct,raw,Fracture,0.7419091015305527
CheXagent,XGB,10pct,raw,Lung_Lesion,0.7484836497890295
CheXagent,XGB,10pct,raw,Lung_Opacity,0.7286417586702737
CheXagent,XGB,10pct,raw,Pleural_Effusion,0.9244257128115395
CheXagent,XGB,10pct,raw,Pneumonia,0.7129190025303327
CheXagent,XGB,10pct,raw,Pneumothorax,0.9047570506286103
CheXagent,XGB,10pct,raw,Pleural_Other,0.7383785010373443
CheXagent,XGB,10pct,raw,Support_Devices,0.8628888304957277
CheXagent,XGB,10pct,raw,No_Finding,0.8197452574525745
BioViL-T,XGB,10pct,raw,Atelectasis,0.6134522609447004
BioViL-T,XGB,10pct,raw,Cardiomegaly,0.706712858433055
BioViL-T,XGB,10pct,raw,Consolidation,0.5067528361912004
BioViL-T,XGB,10pct,raw,Edema,0.616918350408186
BioViL-T,XGB,10pct,raw,Enlarged_Cardiomediastinum,0.6594139194139195
BioViL-T,XGB,10pct,raw,Fracture,0.4989601588970674
BioViL-T,XGB,10pct,raw,Lung_Lesion,0.5901239451476793
BioViL-T,XGB,10pct,raw,Lung_Opacity,0.5408593502473739
BioViL-T,XGB,10pct,raw,Pleural_Effusion,0.7370224555263926
BioViL-T,XGB,10pct,raw,Pneumonia,0.5466725677959282
BioViL-T,XGB,10pct,raw,Pneumothorax,0.6698606863744478
BioViL-T,XGB,10pct,raw,Pleural_Other,0.5700855809128631
BioViL-T,XGB,10pct,raw,Support_Devices,0.6437302356768119
BioViL-T,XGB,10pct,raw,No_Finding,0.6779457994579946
EVA-X,s2,5pct,raw,Atelectasis,0.7501530097926267
EVA-X,s2,5pct,raw,Cardiomegaly,0.8367365658162113
EVA-X,s2,5pct,raw,Consolidation,0.7232837791872586
EVA-X,s2,5pct,raw,Edema,0.8525822875760315
EVA-X,s2,5pct,raw,Enlarged_Cardiomediastinum,0.5954578754578754
EVA-X,s2,5pct,raw,Fracture,0.680359855123262
EVA-X,s2,5pct,raw,Lung_Lesion,0.6707761954992968
EVA-X,s2,5pct,raw,Lung_Opacity,0.7103214642587313
EVA-X,s2,5pct,raw,Pleural_Effusion,0.8910088162056665
EVA-X,s2,5pct,raw,Pneumonia,0.671602156594512
EVA-X,s2,5pct,raw,Pneumothorax,0.8863744478423378
EVA-X,s2,5pct,raw,Pleural_Other,0.7516532676348547
EVA-X,s2,5pct,raw,Support_Devices,0.7762746572673812
EVA-X,s2,5pct,raw,No_Finding,0.7861084010840107
CheXFound,LR,1pct,pca95,Atelectasis,0.6816676267281105
CheXFound,LR,1pct,pca95,Cardiomegaly,0.6362504233461278
CheXFound,LR,1pct,pca95,Consolidation,0.6106564757198023
CheXFound,LR,1pct,pca95,Edema,0.6271942321271509
CheXFound,LR,1pct,pca95,Enlarged_Cardiomediastinum,0.5558974358974359
CheXFound,LR,1pct,pca95,Fracture,0.5308797756747283
CheXFound,LR,1pct,pca95,Lung_Lesion,0.6336146272855134
CheXFound,LR,1pct,pca95,Lung_Opacity,0.6167044429821356
CheXFound,LR,1pct,pca95,Pleural_Effusion,0.7628765955537609
CheXFound,LR,1pct,pca95,Pneumonia,0.6205216240623016
CheXFound,LR,1pct,pca95,Pneumothorax,0.5340808698606864
CheXFound,LR,1pct,pca95,Pleural_Other,0.5176672717842323
CheXFound,LR,1pct,pca95,Support_Devices,0.625934416425795
CheXFound,LR,1pct,pca95,No_Finding,0.6536531165311653
BioViL-T,i4,5pct,raw,Atelectasis,0.4838047163845141
BioViL-T,i4,5pct,raw,Cardiomegaly,0.6312370522025534
BioViL-T,i4,5pct,raw,Consolidation,0.533502923115392
BioViL-T,i4,5pct,raw,Edema,0.6476537226182526
BioViL-T,i4,5pct,raw,Enlarged_Cardiomediastinum,0.5972958941810135
BioViL-T,i4,5pct,raw,Fracture,0.5203889254936235
BioViL-T,i4,5pct,raw,Lung_Lesion,0.5693149585144253
BioViL-T,i4,5pct,raw,Lung_Opacity,0.5436834281907389
BioViL-T,i4,5pct,raw,Pleural_Effusion,0.6220650069975177
BioViL-T,i4,5pct,raw,Pneumonia,0.5361205343335428
BioViL-T,i4,5pct,raw,Pneumothorax,0.6323584125417986
BioViL-T,i4,5pct,raw,Pleural_Other,0.4720911843131738
BioViL-T,i4,5pct,raw,Support_Devices,0.7264033273038266
BioViL-T,i4,5pct,raw,No_Finding,0.6775934959349593
EVA-X,LR,NegBio,pca95,Atelectasis,0.7592645230058624
EVA-X,LR,NegBio,pca95,Cardiomegaly,0.8358773426920828
EVA-X,LR,NegBio,pca95,Consolidation,0.7506880553589682
EVA-X,LR,NegBio,pca95,Edema,0.8490563676411693
EVA-X,LR,NegBio,pca95,Enlarged_Cardiomediastinum,0.6889377289377289
EVA-X,LR,NegBio,pca95,Fracture,0.6541130078865929
EVA-X,LR,NegBio,pca95,Lung_Lesion,0.6848418267829519
EVA-X,LR,NegBio,pca95,Lung_Opacity,0.7014164305949009
EVA-X,LR,NegBio,pca95,Pleural_Effusion,0.8856680667499148
EVA-X,LR,NegBio,pca95,Pneumonia,0.6709345579793341
EVA-X,LR,NegBio,pca95,Pneumothorax,0.8837920489296636
EVA-X,LR,NegBio,pca95,Pleural_Other,0.7988294156518456
EVA-X,LR,NegBio,pca95,Support_Devices,0.7881423650975891
EVA-X,LR,NegBio,pca95,No_Finding,0.7801480236181729
Early_Fusion,s2,NegBio,raw,Atelectasis,0.799014034464381
Early_Fusion,s2,NegBio,raw,Cardiomegaly,0.8523513056577166
Early_Fusion,s2,NegBio,raw,Consolidation,0.8355940866556578
Early_Fusion,s2,NegBio,raw,Edema,0.8818206848217862
Early_Fusion,s2,NegBio,raw,Enlarged_Cardiomediastinum,0.7405616605616605
Early_Fusion,s2,NegBio,raw,Fracture,0.8481830887491265
Early_Fusion,s2,NegBio,raw,Lung_Lesion,0.8140483823958029
Early_Fusion,s2,NegBio,raw,Lung_Opacity,0.756036924880336
Early_Fusion,s2,NegBio,raw,Pleural_Effusion,0.9317005335452377
Early_Fusion,s2,NegBio,raw,Pneumonia,0.7951412169919633
Early_Fusion,s2,NegBio,raw,Pneumothorax,0.9353041114509004
Early_Fusion,s2,NegBio,raw,Pleural_Other,0.8685295320809339
Early_Fusion,s2,NegBio,raw,Support_Devices,0.9081974741676234
Early_Fusion,s2,NegBio,raw,No_Finding,0.8303930211579466
CXR_Foundation,LR,1pct,l2,Atelectasis,0.7408734158986174
CXR_Foundation,LR,1pct,l2,Cardiomegaly,0.7440308195981034
CXR_Foundation,LR,1pct,l2,Consolidation,0.7415114348026172
CXR_Foundation,LR,1pct,l2,Edema,0.8287229166408583
CXR_Foundation,LR,1pct,l2,Enlarged_Cardiomediastinum,0.529035409035409
CXR_Foundation,LR,1pct,l2,Fracture,0.44364995910737237
CXR_Foundation,LR,1pct,l2,Lung_Lesion,0.6566675457102672
CXR_Foundation,LR,1pct,l2,Lung_Opacity,0.7043284345982306
CXR_Foundation,LR,1pct,l2,Pleural_Effusion,0.8883392781030577
CXR_Foundation,LR,1pct,l2,Pneumonia,0.6570460377493451
CXR_Foundation,LR,1pct,l2,Pneumothorax,0.873938158341828
CXR_Foundation,LR,1pct,l2,Pleural_Other,0.6177385892116183
CXR_Foundation,LR,1pct,l2,Support_Devices,0.7777425405253572
CXR_Foundation,LR,1pct,l2,No_Finding,0.7950677506775068
MedSigLIP,LR,CheXpert,raw,Atelectasis,0.8008082517281105
MedSigLIP,LR,CheXpert,raw,Cardiomegaly,0.8238738993000678
MedSigLIP,LR,CheXpert,raw,Consolidation,0.7864703175333639
MedSigLIP,LR,CheXpert,raw,Edema,0.8625546622400059
MedSigLIP,LR,CheXpert,raw,Enlarged_Cardiomediastinum,0.6763369963369963
MedSigLIP,LR,CheXpert,raw,Fracture,0.7427736885150135
MedSigLIP,LR,CheXpert,raw,Lung_Lesion,0.7152777777777778
MedSigLIP,LR,CheXpert,raw,Lung_Opacity,0.7394506592576345
MedSigLIP,LR,CheXpert,raw,Pleural_Effusion,0.9100320793234178
MedSigLIP,LR,CheXpert,raw,Pneumonia,0.7443112219808125
MedSigLIP,LR,CheXpert,raw,Pneumothorax,0.9065579340808698
MedSigLIP,LR,CheXpert,raw,Pleural_Other,0.7803099066390042
MedSigLIP,LR,CheXpert,raw,Support_Devices,0.8836385382782272
MedSigLIP,LR,CheXpert,raw,No_Finding,0.799479674796748
CXR_Foundation,i4,5pct,raw,Atelectasis,0.6452667593011284
CXR_Foundation,i4,5pct,raw,Cardiomegaly,0.7178586894084329
CXR_Foundation,i4,5pct,raw,Consolidation,0.6041936255843299
CXR_Foundation,i4,5pct,raw,Edema,0.7420058610350002
CXR_Foundation,i4,5pct,raw,Enlarged_Cardiomediastinum,0.6634635218464315
CXR_Foundation,i4,5pct,raw,Fracture,0.7007815575039598
CXR_Foundation,i4,5pct,raw,Lung_Lesion,0.6082015635992016
CXR_Foundation,i4,5pct,raw,Lung_Opacity,0.6614391546425209
CXR_Foundation,i4,5pct,raw,Pleural_Effusion,0.7657375399094545
CXR_Foundation,i4,5pct,raw,Pneumonia,0.6660509204831093
CXR_Foundation,i4,5pct,raw,Pneumothorax,0.6894508209456034
CXR_Foundation,i4,5pct,raw,Pleural_Other,0.6385019946268254
CXR_Foundation,i4,5pct,raw,Support_Devices,0.7283278429639837
CXR_Foundation,i4,5pct,raw,No_Finding,0.7825609756097561
CheXFound,LR,10pct,pca95,Atelectasis,0.742592525921659
CheXFound,LR,10pct,pca95,Cardiomegaly,0.7891736283585459
CheXFound,LR,10pct,pca95,Consolidation,0.7063366613977871
CheXFound,LR,10pct,pca95,Edema,0.81706576812061
CheXFound,LR,10pct,pca95,Enlarged_Cardiomediastinum,0.55008547008547
CheXFound,LR,10pct,pca95,Fracture,0.6838415702769015
CheXFound,LR,10pct,pca95,Lung_Lesion,0.7343969760900142
CheXFound,LR,10pct,pca95,Lung_Opacity,0.6775559942482512
CheXFound,LR,10pct,pca95,Pleural_Effusion,0.8910648989389147
CheXFound,LR,10pct,pca95,Pneumonia,0.627871212324419
CheXFound,LR,10pct,pca95,Pneumothorax,0.7473326537546721
CheXFound,LR,10pct,pca95,Pleural_Other,0.6095695020746887
CheXFound,LR,10pct,pca95,Support_Devices,0.7674582967117602
CheXFound,LR,10pct,pca95,No_Finding,0.7633062330623305
CheXFound,LR,NegBio,pca95,Atelectasis,0.7596109433291881
CheXFound,LR,NegBio,pca95,Cardiomegaly,0.8319431423924104
CheXFound,LR,NegBio,pca95,Consolidation,0.7971416214516003
CheXFound,LR,NegBio,pca95,Edema,0.8466534841810173
CheXFound,LR,NegBio,pca95,Enlarged_Cardiomediastinum,0.7818315018315019
CheXFound,LR,NegBio,pca95,Fracture,0.7464685035439752
CheXFound,LR,NegBio,pca95,Lung_Lesion,0.7682667085173643
CheXFound,LR,NegBio,pca95,Lung_Opacity,0.7192683403340823
CheXFound,LR,NegBio,pca95,Pleural_Effusion,0.9112668861391758
CheXFound,LR,NegBio,pca95,Pneumonia,0.673239954075775
CheXFound,LR,NegBio,pca95,Pneumothorax,0.8513761467889909
CheXFound,LR,NegBio,pca95,Pleural_Other,0.7694389376632368
CheXFound,LR,NegBio,pca95,Support_Devices,0.7989988518943743
CheXFound,LR,NegBio,pca95,No_Finding,0.794991389207807
CheXFound,s4,CheXpert,raw,Atelectasis,0.6532021652064663
CheXFound,s4,CheXpert,raw,Cardiomegaly,0.7630026317362248
CheXFound,s4,CheXpert,raw,Consolidation,0.6738291824475626
CheXFound,s4,CheXpert,raw,Edema,0.7898777704821206
CheXFound,s4,CheXpert,raw,Enlarged_Cardiomediastinum,0.7123769042318606
CheXFound,s4,CheXpert,raw,Fracture,0.6864603957861057
CheXFound,s4,CheXpert,raw,Lung_Lesion,0.6929072263295664
CheXFound,s4,CheXpert,raw,Lung_Opacity,0.6730070282719143
CheXFound,s4,CheXpert,raw,Pleural_Effusion,0.7810817764380554
CheXFound,s4,CheXpert,raw,Pneumonia,0.7003168865513434
CheXFound,s4,CheXpert,raw,Pneumothorax,0.7928726210049939
CheXFound,s4,CheXpert,raw,Pleural_Other,0.7947462296209648
CheXFound,s4,CheXpert,raw,Support_Devices,0.7959318100657146
CheXFound,s4,CheXpert,raw,No_Finding,0.8123035230352303
CheXFound,XGB,1pct,raw,Atelectasis,0.6845568116359447
CheXFound,XGB,1pct,raw,Cardiomegaly,0.7566041995935877
CheXFound,XGB,1pct,raw,Consolidation,0.6333460053222353
CheXFound,XGB,1pct,raw,Edema,0.7641440481647114
CheXFound,XGB,1pct,raw,Enlarged_Cardiomediastinum,0.6207326007326007
CheXFound,XGB,1pct,raw,Fracture,0.5657436616427153
CheXFound,XGB,1pct,raw,Lung_Lesion,0.701762482419128
CheXFound,XGB,1pct,raw,Lung_Opacity,0.5988667105359362
CheXFound,XGB,1pct,raw,Pleural_Effusion,0.8365805235883976
CheXFound,XGB,1pct,raw,Pneumonia,0.5602585767549154
CheXFound,XGB,1pct,raw,Pneumothorax,0.7655453618756372
CheXFound,XGB,1pct,raw,Pleural_Other,0.5974455394190871
CheXFound,XGB,1pct,raw,Support_Devices,0.714854616130406
CheXFound,XGB,1pct,raw,No_Finding,0.7302926829268294
EVA-X,XGB,NegBio,pca95,Atelectasis,0.7220198969621603
EVA-X,XGB,NegBio,pca95,Cardiomegaly,0.8311979679975642
EVA-X,XGB,NegBio,pca95,Consolidation,0.7328379334748762
EVA-X,XGB,NegBio,pca95,Edema,0.8272426912294755
EVA-X,XGB,NegBio,pca95,Enlarged_Cardiomediastinum,0.6124542124542125
EVA-X,XGB,NegBio,pca95,Fracture,0.6446041729060596
EVA-X,XGB,NegBio,pca95,Lung_Lesion,0.6741698988857252
EVA-X,XGB,NegBio,pca95,Lung_Opacity,0.6776716811565888
EVA-X,XGB,NegBio,pca95,Pleural_Effusion,0.8824043591781132
EVA-X,XGB,NegBio,pca95,Pneumonia,0.6574420206659013
EVA-X,XGB,NegBio,pca95,Pneumothorax,0.8411824668705402
EVA-X,XGB,NegBio,pca95,Pleural_Other,0.7009345794392523
EVA-X,XGB,NegBio,pca95,Support_Devices,0.73500803673938
EVA-X,XGB,NegBio,pca95,No_Finding,0.7672113334426767
MedSigLIP,i2,NegBio,raw,Atelectasis,0.7980191863563688
MedSigLIP,i2,NegBio,raw,Cardiomegaly,0.8355327996923151
MedSigLIP,i2,NegBio,raw,Consolidation,0.800483604623732
MedSigLIP,i2,NegBio,raw,Edema,0.8638491189427313
MedSigLIP,i2,NegBio,raw,Enlarged_Cardiomediastinum,0.6784371184371185
MedSigLIP,i2,NegBio,raw,Fracture,0.7413896376160527
MedSigLIP,i2,NegBio,raw,Lung_Lesion,0.7274174382889044
MedSigLIP,i2,NegBio,raw,Lung_Opacity,0.7400263749145257
MedSigLIP,i2,NegBio,raw,Pleural_Effusion,0.9097457146100579
MedSigLIP,i2,NegBio,raw,Pneumonia,0.7405373134328359
MedSigLIP,i2,NegBio,raw,Pneumothorax,0.8984029901461095
MedSigLIP,i2,NegBio,raw,Pleural_Other,0.7967525724535071
MedSigLIP,i2,NegBio,raw,Support_Devices,0.8903421354764637
MedSigLIP,i2,NegBio,raw,No_Finding,0.8169079055273085
CheXFound,XGB,CheXpert,l2,Atelectasis,0.7314048099078341
CheXFound,XGB,CheXpert,l2,Cardiomegaly,0.833914258297584
CheXFound,XGB,CheXpert,l2,Consolidation,0.6772144300606255
CheXFound,XGB,CheXpert,l2,Edema,0.8446539400170955
CheXFound,XGB,CheXpert,l2,Enlarged_Cardiomediastinum,0.5736752136752137
CheXFound,XGB,CheXpert,l2,Fracture,0.5811192896366398
CheXFound,XGB,CheXpert,l2,Lung_Lesion,0.7129263361462728
CheXFound,XGB,CheXpert,l2,Lung_Opacity,0.6510077746094416
CheXFound,XGB,CheXpert,l2,Pleural_Effusion,0.8918107992911143
CheXFound,XGB,CheXpert,l2,Pneumonia,0.6827427733519307
CheXFound,XGB,CheXpert,l2,Pneumothorax,0.8430852871219844
CheXFound,XGB,CheXpert,l2,Pleural_Other,0.7268542531120332
CheXFound,XGB,CheXpert,l2,Support_Devices,0.7897755588376538
CheXFound,XGB,CheXpert,l2,No_Finding,0.7756856368563685
CheXagent,s4,NegBio,raw,Atelectasis,0.7197903632571685
CheXagent,s4,NegBio,raw,Cardiomegaly,0.7826699582918714
CheXagent,s4,NegBio,raw,Consolidation,0.7548769457288166
CheXagent,s4,NegBio,raw,Edema,0.7967387740095428
CheXagent,s4,NegBio,raw,Enlarged_Cardiomediastinum,0.7363917262110042
CheXagent,s4,NegBio,raw,Fracture,0.6621455251561309
CheXagent,s4,NegBio,raw,Lung_Lesion,0.7273335947338064
CheXagent,s4,NegBio,raw,Lung_Opacity,0.693613159787942
CheXagent,s4,NegBio,raw,Pleural_Effusion,0.8039695522075857
CheXagent,s4,NegBio,raw,Pneumonia,0.7528725952727986
CheXagent,s4,NegBio,raw,Pneumothorax,0.8103601745221646
CheXagent,s4,NegBio,raw,Pleural_Other,0.8325356297856029
CheXagent,s4,NegBio,raw,Support_Devices,0.9137576191322552
CheXagent,s4,NegBio,raw,No_Finding,0.8288605051664754
Early_Fusion,i4,CheXpert,raw,Atelectasis,0.6404972466614722
Early_Fusion,i4,CheXpert,raw,Cardiomegaly,0.7403639714543844
Early_Fusion,i4,CheXpert,raw,Consolidation,0.6385967731667302
Early_Fusion,i4,CheXpert,raw,Edema,0.7847532712560529
Early_Fusion,i4,CheXpert,raw,Enlarged_Cardiomediastinum,0.7118944306502617
Early_Fusion,i4,CheXpert,raw,Fracture,0.5495032064218441
Early_Fusion,i4,CheXpert,raw,Lung_Lesion,0.6613479718843989
Early_Fusion,i4,CheXpert,raw,Lung_Opacity,0.7023432001099326
Early_Fusion,i4,CheXpert,raw,Pleural_Effusion,0.8071465096082487
Early_Fusion,i4,CheXpert,raw,Pneumonia,0.7378217528774398
Early_Fusion,i4,CheXpert,raw,Pneumothorax,0.8079619375515001
Early_Fusion,i4,CheXpert,raw,Pleural_Other,0.7591081642614066
Early_Fusion,i4,CheXpert,raw,Support_Devices,0.7819393373662235
Early_Fusion,i4,CheXpert,raw,No_Finding,0.829490514905149
Early_Fusion,s4,10pct,raw,Atelectasis,0.6392279679646502
Early_Fusion,s4,10pct,raw,Cardiomegaly,0.752685295993663
Early_Fusion,s4,10pct,raw,Consolidation,0.6477030207276444
Early_Fusion,s4,10pct,raw,Edema,0.7892547065149872
Early_Fusion,s4,10pct,raw,Enlarged_Cardiomediastinum,0.693522123050222
Early_Fusion,s4,10pct,raw,Fracture,0.7253264573154843
Early_Fusion,s4,10pct,raw,Lung_Lesion,0.639678854532747
Early_Fusion,s4,10pct,raw,Lung_Opacity,0.7148712077081383
Early_Fusion,s4,10pct,raw,Pleural_Effusion,0.7787700008940701
Early_Fusion,s4,10pct,raw,Pneumonia,0.7400426884933723
Early_Fusion,s4,10pct,raw,Pneumothorax,0.7750425165232164
Early_Fusion,s4,10pct,raw,Pleural_Other,0.7534487942995511
Early_Fusion,s4,10pct,raw,Support_Devices,0.8208787317202096
Early_Fusion,s4,10pct,raw,No_Finding,0.8131869918699186
MedSigLIP,XGB,10pct,raw,Atelectasis,0.7698372695852533
MedSigLIP,XGB,10pct,raw,Cardiomegaly,0.8270278279521336
MedSigLIP,XGB,10pct,raw,Consolidation,0.7513255567338283
MedSigLIP,XGB,10pct,raw,Edema,0.8431611808282646
MedSigLIP,XGB,10pct,raw,Enlarged_Cardiomediastinum,0.6698168498168499
MedSigLIP,XGB,10pct,raw,Fracture,0.6572730459165791
MedSigLIP,XGB,10pct,raw,Lung_Lesion,0.6711058368495078
MedSigLIP,XGB,10pct,raw,Lung_Opacity,0.7231020447953986
MedSigLIP,XGB,10pct,raw,Pleural_Effusion,0.9047995603113715
MedSigLIP,XGB,10pct,raw,Pneumonia,0.6936911563531021
MedSigLIP,XGB,10pct,raw,Pneumothorax,0.8594631328576282
MedSigLIP,XGB,10pct,raw,Pleural_Other,0.6950207468879668
MedSigLIP,XGB,10pct,raw,Support_Devices,0.7500067957558239
MedSigLIP,XGB,10pct,raw,No_Finding,0.7928563685636856
CheXFound,LR,NegBio,l2,Atelectasis,0.7480369515011547
CheXFound,LR,NegBio,l2,Cardiomegaly,0.8346193601115358
CheXFound,LR,NegBio,l2,Consolidation,0.7818864512070457
CheXFound,LR,NegBio,l2,Edema,0.8449264116940328
CheXFound,LR,NegBio,l2,Enlarged_Cardiomediastinum,0.7734798534798534
CheXFound,LR,NegBio,l2,Fracture,0.6961665169212339
CheXFound,LR,NegBio,l2,Lung_Lesion,0.7512947559581195
CheXFound,LR,NegBio,l2,Lung_Opacity,0.7211243528377453
CheXFound,LR,NegBio,l2,Pleural_Effusion,0.9012657509365422
CheXFound,LR,NegBio,l2,Pneumonia,0.6663513203214696
CheXFound,LR,NegBio,l2,Pneumothorax,0.8198436969079171
CheXFound,LR,NegBio,l2,Pleural_Other,0.7586141791749269
CheXFound,LR,NegBio,l2,Support_Devices,0.7896762342135478
CheXFound,LR,NegBio,l2,No_Finding,0.7750789322617682
MedSigLIP,XGB,1pct,l2,Atelectasis,0.7586855558755762
MedSigLIP,XGB,1pct,l2,Cardiomegaly,0.8073210657033191
MedSigLIP,XGB,1pct,l2,Consolidation,0.7097981152083874
MedSigLIP,XGB,1pct,l2,Edema,0.8380635011087298
MedSigLIP,XGB,1pct,l2,Enlarged_Cardiomediastinum,0.591062271062271
MedSigLIP,XGB,1pct,l2,Fracture,0.6322701250146044
MedSigLIP,XGB,1pct,l2,Lung_Lesion,0.557775140646976
MedSigLIP,XGB,1pct,l2,Lung_Opacity,0.7079184031585875
MedSigLIP,XGB,1pct,l2,Pleural_Effusion,0.8885467842160756
MedSigLIP,XGB,1pct,l2,Pneumonia,0.6170122403726651
MedSigLIP,XGB,1pct,l2,Pneumothorax,0.7572205232755691
MedSigLIP,XGB,1pct,l2,Pleural_Other,0.48845954356846477
MedSigLIP,XGB,1pct,l2,Support_Devices,0.8071092666926416
MedSigLIP,XGB,1pct,l2,No_Finding,0.7716856368563687
MedSigLIP,s2,10pct,raw,Atelectasis,0.7807639688940093
MedSigLIP,s2,10pct,raw,Cardiomegaly,0.8303299277489274
MedSigLIP,s2,10pct,raw,Consolidation,0.7655415274415254
MedSigLIP,s2,10pct,raw,Edema,0.8599036210249866
MedSigLIP,s2,10pct,raw,Enlarged_Cardiomediastinum,0.6616849816849818
MedSigLIP,s2,10pct,raw,Fracture,0.6965767028858512
MedSigLIP,s2,10pct,raw,Lung_Lesion,0.7156293952180028
MedSigLIP,s2,10pct,raw,Lung_Opacity,0.7218785796105384
MedSigLIP,s2,10pct,raw,Pleural_Effusion,0.9154216299885591
MedSigLIP,s2,10pct,raw,Pneumonia,0.7143406382160707
MedSigLIP,s2,10pct,raw,Pneumothorax,0.8742779476724429
MedSigLIP,s2,10pct,raw,Pleural_Other,0.7844917012448133
MedSigLIP,s2,10pct,raw,Support_Devices,0.8682257640694798
MedSigLIP,s2,10pct,raw,No_Finding,0.7989485094850949
CXR_Foundation,s2,CheXpert,raw,Atelectasis,0.7976940524193549
CXR_Foundation,s2,CheXpert,raw,Cardiomegaly,0.8105596635809438
CXR_Foundation,s2,CheXpert,raw,Consolidation,0.7924928469957382
CXR_Foundation,s2,CheXpert,raw,Edema,0.8760947933055014
CXR_Foundation,s2,CheXpert,raw,Enlarged_Cardiomediastinum,0.6509401709401709
CXR_Foundation,s2,CheXpert,raw,Fracture,0.7142656852436032
CXR_Foundation,s2,CheXpert,raw,Lung_Lesion,0.7399349507735583
CXR_Foundation,s2,CheXpert,raw,Lung_Opacity,0.7448709512319953
CXR_Foundation,s2,CheXpert,raw,Pleural_Effusion,0.9128810821724207
CXR_Foundation,s2,CheXpert,raw,Pneumonia,0.7360228176998113
CXR_Foundation,s2,CheXpert,raw,Pneumothorax,0.8600747536527353
CXR_Foundation,s2,CheXpert,raw,Pleural_Other,0.8122082468879668
CXR_Foundation,s2,CheXpert,raw,Support_Devices,0.8696030372498028
CXR_Foundation,s2,CheXpert,raw,No_Finding,0.8041138211382113
CheXagent,XGB,CheXpert,l2,Atelectasis,0.780439948156682
CheXagent,XGB,CheXpert,l2,Cardiomegaly,0.851363174531497
CheXagent,XGB,CheXpert,l2,Consolidation,0.8185637967946539
CheXagent,XGB,CheXpert,l2,Edema,0.880226205666291
CheXagent,XGB,CheXpert,l2,Enlarged_Cardiomediastinum,0.6864468864468865
CheXagent,XGB,CheXpert,l2,Fracture,0.6916228531370487
CheXagent,XGB,CheXpert,l2,Lung_Lesion,0.775821905766526
CheXagent,XGB,CheXpert,l2,Lung_Opacity,0.7646413687212108
CheXagent,XGB,CheXpert,l2,Pleural_Effusion,0.9294086636606321
CheXagent,XGB,CheXpert,l2,Pneumonia,0.775560383752224
CheXagent,XGB,CheXpert,l2,Pneumothorax,0.9028882093102277
CheXagent,XGB,CheXpert,l2,Pleural_Other,0.854236903526971
CheXagent,XGB,CheXpert,l2,Support_Devices,0.9071427924213732
CheXagent,XGB,CheXpert,l2,No_Finding,0.8229593495934959
BioViL-T,XGB,5pct,pca95,Atelectasis,0.5358582949308756
BioViL-T,XGB,5pct,pca95,Cardiomegaly,0.6449396026191013
BioViL-T,XGB,5pct,pca95,Consolidation,0.5208687648812501
BioViL-T,XGB,5pct,pca95,Edema,0.5914918920258168
BioViL-T,XGB,5pct,pca95,Enlarged_Cardiomediastinum,0.6017094017094018
BioViL-T,XGB,5pct,pca95,Fracture,0.5007243836896834
BioViL-T,XGB,5pct,pca95,Lung_Lesion,0.495945411392405
BioViL-T,XGB,5pct,pca95,Lung_Opacity,0.5245399819648559
BioViL-T,XGB,5pct,pca95,Pleural_Effusion,0.6302465396953585
BioViL-T,XGB,5pct,pca95,Pneumonia,0.48378530618813875
BioViL-T,XGB,5pct,pca95,Pneumothorax,0.6951410125722052
BioViL-T,XGB,5pct,pca95,Pleural_Other,0.49727697095435686
BioViL-T,XGB,5pct,pca95,Support_Devices,0.5853773456683853
BioViL-T,XGB,5pct,pca95,No_Finding,0.6301192411924119
CheXFound,s2,10pct,raw,Atelectasis,0.7573084677419355
CheXFound,s2,10pct,raw,Cardiomegaly,0.8315717430571234
CheXFound,s2,10pct,raw,Consolidation,0.7615798635426879
CheXFound,s2,10pct,raw,Edema,0.849571993112248
CheXFound,s2,10pct,raw,Enlarged_Cardiomediastinum,0.5964835164835165
CheXFound,s2,10pct,raw,Fracture,0.671620516415469
CheXFound,s2,10pct,raw,Lung_Lesion,0.7767449015471167
CheXFound,s2,10pct,raw,Lung_Opacity,0.6781360434793205
CheXFound,s2,10pct,raw,Pleural_Effusion,0.8937736949547973
CheXFound,s2,10pct,raw,Pneumonia,0.6425972121634791
CheXFound,s2,10pct,raw,Pneumothorax,0.8417940876656473
CheXFound,s2,10pct,raw,Pleural_Other,0.7451698651452282
CheXFound,s2,10pct,raw,Support_Devices,0.7991899459057836
CheXFound,s2,10pct,raw,No_Finding,0.7710298102981028
Early_Fusion,LR,1pct,l2,Atelectasis,0.7182099654377879
Early_Fusion,LR,1pct,l2,Cardiomegaly,0.8052607812147211
Early_Fusion,LR,1pct,l2,Consolidation,0.7202024850437183
Early_Fusion,LR,1pct,l2,Edema,0.8560881037622486
Early_Fusion,LR,1pct,l2,Enlarged_Cardiomediastinum,0.5364102564102564
Early_Fusion,LR,1pct,l2,Fracture,0.6051875219067648
Early_Fusion,LR,1pct,l2,Lung_Lesion,0.6913018635724332
Early_Fusion,LR,1pct,l2,Lung_Opacity,0.7047939362920718
Early_Fusion,LR,1pct,l2,Pleural_Effusion,0.8881542050833388
Early_Fusion,LR,1pct,l2,Pneumonia,0.5918117360943466
Early_Fusion,LR,1pct,l2,Pneumothorax,0.819843696907917
Early_Fusion,LR,1pct,l2,Pleural_Other,0.6244164937759337
Early_Fusion,LR,1pct,l2,Support_Devices,0.7489285358317552
Early_Fusion,LR,1pct,l2,No_Finding,0.7890677506775068
MedSigLIP,s4,CheXpert,raw,Atelectasis,0.742797641716129
MedSigLIP,s4,CheXpert,raw,Cardiomegaly,0.7570622104052542
MedSigLIP,s4,CheXpert,raw,Consolidation,0.6594933930274914
MedSigLIP,s4,CheXpert,raw,Edema,0.7915483158149096
MedSigLIP,s4,CheXpert,raw,Enlarged_Cardiomediastinum,0.7152772090576887
MedSigLIP,s4,CheXpert,raw,Fracture,0.6889834016543476
MedSigLIP,s4,CheXpert,raw,Lung_Lesion,0.6721079432082084
MedSigLIP,s4,CheXpert,raw,Lung_Opacity,0.7059146835553248
MedSigLIP,s4,CheXpert,raw,Pleural_Effusion,0.809642581515742
MedSigLIP,s4,CheXpert,raw,Pneumonia,0.7380874248159531
MedSigLIP,s4,CheXpert,raw,Pneumothorax,0.8147773819272739
MedSigLIP,s4,CheXpert,raw,Pleural_Other,0.8244307236776249
MedSigLIP,s4,CheXpert,raw,Support_Devices,0.8017626243185031
MedSigLIP,s4,CheXpert,raw,No_Finding,0.8068970189701896
CXR_Foundation,XGB,NegBio,raw,Atelectasis,0.7907443595665306
CXR_Foundation,XGB,NegBio,raw,Cardiomegaly,0.8054774324335152
CXR_Foundation,XGB,NegBio,raw,Consolidation,0.8048281827475033
CXR_Foundation,XGB,NegBio,raw,Edema,0.8570472066479775
CXR_Foundation,XGB,NegBio,raw,Enlarged_Cardiomediastinum,0.708034188034188
CXR_Foundation,XGB,NegBio,raw,Fracture,0.7260032943995208
CXR_Foundation,XGB,NegBio,raw,Lung_Lesion,0.7323610519471785
CXR_Foundation,XGB,NegBio,raw,Lung_Opacity,0.731361727068477
CXR_Foundation,XGB,NegBio,raw,Pleural_Effusion,0.9087807923714383
CXR_Foundation,XGB,NegBio,raw,Pneumonia,0.7228105625717566
CXR_Foundation,XGB,NegBio,raw,Pneumothorax,0.8988447162759088
CXR_Foundation,XGB,NegBio,raw,Pleural_Other,0.7740489002171246
CXR_Foundation,XGB,NegBio,raw,Support_Devices,0.848849598163031
CXR_Foundation,XGB,NegBio,raw,No_Finding,0.8053038379530917
CheXagent,XGB,5pct,pca95,Atelectasis,0.7564624135944701
CheXagent,XGB,5pct,pca95,Cardiomegaly,0.8409418040189659
CheXagent,XGB,5pct,pca95,Consolidation,0.737069569219072
CheXagent,XGB,5pct,pca95,Edema,0.8172515887665226
CheXagent,XGB,5pct,pca95,Enlarged_Cardiomediastinum,0.5557264957264958
CheXagent,XGB,5pct,pca95,Fracture,0.6768197219301321
CheXagent,XGB,5pct,pca95,Lung_Lesion,0.7382867440225035
CheXagent,XGB,5pct,pca95,Lung_Opacity,0.7161804489288587
CheXagent,XGB,5pct,pca95,Pleural_Effusion,0.8899208111806538
CheXagent,XGB,5pct,pca95,Pneumonia,0.7020287367112827
CheXagent,XGB,5pct,pca95,Pneumothorax,0.8481821270812097
CheXagent,XGB,5pct,pca95,Pleural_Other,0.754149377593361
CheXagent,XGB,5pct,pca95,Support_Devices,0.8583492656053205
CheXagent,XGB,5pct,pca95,No_Finding,0.7760921409214092
CheXFound,XGB,NegBio,raw,Atelectasis,0.7481168946526915
CheXFound,XGB,NegBio,raw,Cardiomegaly,0.8228007339567158
CheXFound,XGB,NegBio,raw,Consolidation,0.6748643548006605
CheXFound,XGB,NegBio,raw,Edema,0.8476046255506609
CheXFound,XGB,NegBio,raw,Enlarged_Cardiomediastinum,0.6268620268620269
CheXFound,XGB,NegBio,raw,Fracture,0.5701307776779475
CheXFound,XGB,NegBio,raw,Lung_Lesion,0.7223729345559715
CheXFound,XGB,NegBio,raw,Lung_Opacity,0.706862362020123
CheXFound,XGB,NegBio,raw,Pleural_Effusion,0.9013395391077308
CheXFound,XGB,NegBio,raw,Pneumonia,0.6869253731343283
CheXFound,XGB,NegBio,raw,Pneumothorax,0.8331634386680259
CheXFound,XGB,NegBio,raw,Pleural_Other,0.6864910790144435
CheXFound,XGB,NegBio,raw,Support_Devices,0.7879127439724455
CheXFound,XGB,NegBio,raw,No_Finding,0.7807835820895522
CXR_Foundation,XGB,10pct,pca95,Atelectasis,0.7433035714285714
CXR_Foundation,XGB,10pct,pca95,Cardiomegaly,0.7658225615263039
CXR_Foundation,XGB,10pct,pca95,Consolidation,0.6999539806718822
CXR_Foundation,XGB,10pct,pca95,Edema,0.8647225697756524
CXR_Foundation,XGB,10pct,pca95,Enlarged_Cardiomediastinum,0.691965811965812
CXR_Foundation,XGB,10pct,pca95,Fracture,0.6388363126533473
CXR_Foundation,XGB,10pct,pca95,Lung_Lesion,0.6702048171589312
CXR_Foundation,XGB,10pct,pca95,Lung_Opacity,0.6940654626989349
CXR_Foundation,XGB,10pct,pca95,Pleural_Effusion,0.9026964578145681
CXR_Foundation,XGB,10pct,pca95,Pneumonia,0.6432677950341102
CXR_Foundation,XGB,10pct,pca95,Pneumothorax,0.6763846415222562
CXR_Foundation,XGB,10pct,pca95,Pleural_Other,0.6932702282157677
CXR_Foundation,XGB,10pct,pca95,Support_Devices,0.7992714949756712
CXR_Foundation,XGB,10pct,pca95,No_Finding,0.7857723577235772
Early_Fusion,LR,10pct,l2,Atelectasis,0.7699272753456221
Early_Fusion,LR,10pct,l2,Cardiomegaly,0.8289187739896139
Early_Fusion,LR,10pct,l2,Consolidation,0.7775465695592149
Early_Fusion,LR,10pct,l2,Edema,0.8750170335592086
Early_Fusion,LR,10pct,l2,Enlarged_Cardiomediastinum,0.5053479853479853
Early_Fusion,LR,10pct,l2,Fracture,0.7895548545390817
Early_Fusion,LR,10pct,l2,Lung_Lesion,0.7663502109704642
Early_Fusion,LR,10pct,l2,Lung_Opacity,0.7394019156247716
Early_Fusion,LR,10pct,l2,Pleural_Effusion,0.9144962648899656
Early_Fusion,LR,10pct,l2,Pneumonia,0.7621666085494845
Early_Fusion,LR,10pct,l2,Pneumothorax,0.8665307509344207
Early_Fusion,LR,10pct,l2,Pleural_Other,0.7357040975103734
Early_Fusion,LR,10pct,l2,Support_Devices,0.8815092014533856
Early_Fusion,LR,10pct,l2,No_Finding,0.8163468834688347
EVA-X,i2,10pct,raw,Atelectasis,0.7474168346774194
EVA-X,i2,10pct,raw,Cardiomegaly,0.8282061413411607
EVA-X,i2,10pct,raw,Consolidation,0.728025770823746
EVA-X,i2,10pct,raw,Edema,0.8568933265612031
EVA-X,i2,10pct,raw,Enlarged_Cardiomediastinum,0.6534798534798535
EVA-X,i2,10pct,raw,Fracture,0.6106554504030844
EVA-X,i2,10pct,raw,Lung_Lesion,0.6584036568213784
EVA-X,i2,10pct,raw,Lung_Opacity,0.7057834320391899
EVA-X,i2,10pct,raw,Pleural_Effusion,0.8981593646947977
EVA-X,i2,10pct,raw,Pneumonia,0.6468800014305767
EVA-X,i2,10pct,raw,Pneumothorax,0.8958885490995583
EVA-X,i2,10pct,raw,Pleural_Other,0.7147627074688796
EVA-X,i2,10pct,raw,Support_Devices,0.8005672190861068
EVA-X,i2,10pct,raw,No_Finding,0.7823306233062332
CXR_Foundation,LR,5pct,raw,Atelectasis,0.7923297091013826
CXR_Foundation,LR,5pct,raw,Cardiomegaly,0.7918759878076315
CXR_Foundation,LR,5pct,raw,Consolidation,0.7855099141639489
CXR_Foundation,LR,5pct,raw,Edema,0.8034513087967494
CXR_Foundation,LR,5pct,raw,Enlarged_Cardiomediastinum,0.6527960927960929
CXR_Foundation,LR,5pct,raw,Fracture,0.4869494099778011
CXR_Foundation,LR,5pct,raw,Lung_Lesion,0.6490198663853727
CXR_Foundation,LR,5pct,raw,Lung_Opacity,0.7227413419122126
CXR_Foundation,LR,5pct,raw,Pleural_Effusion,0.8888384144289656
CXR_Foundation,LR,5pct,raw,Pneumonia,0.64341979381812
CXR_Foundation,LR,5pct,raw,Pneumothorax,0.8235813795446822
CXR_Foundation,LR,5pct,raw,Pleural_Other,0.6477891597510373
CXR_Foundation,LR,5pct,raw,Support_Devices,0.8202386669445376
CXR_Foundation,LR,5pct,raw,No_Finding,0.7947208672086721
CheXFound,i2,NegBio,raw,Atelectasis,0.7602860188310535
CheXFound,i2,NegBio,raw,Cardiomegaly,0.82429909537431
CheXFound,i2,NegBio,raw,Consolidation,0.7564284029252182
CheXFound,i2,NegBio,raw,Edema,0.8577668201842211
CheXFound,i2,NegBio,raw,Enlarged_Cardiomediastinum,0.6744810744810745
CheXFound,i2,NegBio,raw,Fracture,0.7043026854347609
CheXFound,i2,NegBio,raw,Lung_Lesion,0.7634912449835213
CheXFound,i2,NegBio,raw,Lung_Opacity,0.7057536387613559
CheXFound,i2,NegBio,raw,Pleural_Effusion,0.9131569985242367
CheXFound,i2,NegBio,raw,Pneumonia,0.6729092996555683
CheXFound,i2,NegBio,raw,Pneumothorax,0.8624532789670405
CheXFound,i2,NegBio,raw,Pleural_Other,0.6852953208093395
CheXFound,i2,NegBio,raw,Support_Devices,0.7989070034443169
CheXFound,i2,NegBio,raw,No_Finding,0.8053499671969823
BioViL-T,LR,10pct,l2,Atelectasis,0.6426231278801843
BioViL-T,LR,10pct,l2,Cardiomegaly,0.7255094265071121
BioViL-T,LR,10pct,l2,Consolidation,0.5234798615418476
BioViL-T,LR,10pct,l2,Edema,0.7709203077189896
BioViL-T,LR,10pct,l2,Enlarged_Cardiomediastinum,0.6364835164835165
BioViL-T,LR,10pct,l2,Fracture,0.5659305993690852
BioViL-T,LR,10pct,l2,Lung_Lesion,0.5724112165963432
BioViL-T,LR,10pct,l2,Lung_Opacity,0.538388048061222
BioViL-T,LR,10pct,l2,Pleural_Effusion,0.7548820019292461
BioViL-T,LR,10pct,l2,Pneumonia,0.5443881154833115
BioViL-T,LR,10pct,l2,Pneumothorax,0.617533129459735
BioViL-T,LR,10pct,l2,Pleural_Other,0.5159491701244814
BioViL-T,LR,10pct,l2,Support_Devices,0.6678234553247012
BioViL-T,LR,10pct,l2,No_Finding,0.6701246612466125
MedSigLIP,s2,5pct,raw,Atelectasis,0.7886934763824884
MedSigLIP,s2,5pct,raw,Cardiomegaly,0.8205012418153083
MedSigLIP,s2,5pct,raw,Consolidation,0.7860501410592449
MedSigLIP,s2,5pct,raw,Edema,0.8575746689295491
MedSigLIP,s2,5pct,raw,Enlarged_Cardiomediastinum,0.5794383394383394
MedSigLIP,s2,5pct,raw,Fracture,0.6973010865755345
MedSigLIP,s2,5pct,raw,Lung_Lesion,0.70653129395218
MedSigLIP,s2,5pct,raw,Lung_Opacity,0.7243011381638274
MedSigLIP,s2,5pct,raw,Pleural_Effusion,0.911608004127689
MedSigLIP,s2,5pct,raw,Pneumonia,0.6923812844791359
MedSigLIP,s2,5pct,raw,Pneumothorax,0.8703363914373089
MedSigLIP,s2,5pct,raw,Pleural_Other,0.7852048755186722
MedSigLIP,s2,5pct,raw,Support_Devices,0.8387956108478385
MedSigLIP,s2,5pct,raw,No_Finding,0.7873821138211383
CheXagent,LR,1pct,pca95,Atelectasis,0.6733240927419356
CheXagent,LR,1pct,pca95,Cardiomegaly,0.6605469631971099
CheXagent,LR,1pct,pca95,Consolidation,0.5938294083515077
CheXagent,LR,1pct,pca95,Edema,0.7521152583526379
CheXagent,LR,1pct,pca95,Enlarged_Cardiomediastinum,0.5600976800976801
CheXagent,LR,1pct,pca95,Fracture,0.7939946255403669
CheXagent,LR,1pct,pca95,Lung_Lesion,0.6614143811533053
CheXagent,LR,1pct,pca95,Lung_Opacity,0.6735443932636298
CheXagent,LR,1pct,pca95,Pleural_Effusion,0.787182852143482
CheXagent,LR,1pct,pca95,Pneumonia,0.6960918430299616
CheXagent,LR,1pct,pca95,Pneumothorax,0.8381243628950051
CheXagent,LR,1pct,pca95,Pleural_Other,0.5766014004149378
CheXagent,LR,1pct,pca95,Support_Devices,0.8554225600971339
CheXagent,LR,1pct,pca95,No_Finding,0.5990298102981029
EVA-X,XGB,5pct,l2,Atelectasis,0.7092363911290324
EVA-X,XGB,5pct,l2,Cardiomegaly,0.7925180627681192
EVA-X,XGB,5pct,l2,Consolidation,0.6565757618199644
EVA-X,XGB,5pct,l2,Edema,0.8079233923417118
EVA-X,XGB,5pct,l2,Enlarged_Cardiomediastinum,0.6235409035409035
EVA-X,XGB,5pct,l2,Fracture,0.5735015772870662
EVA-X,XGB,5pct,l2,Lung_Lesion,0.6120780590717299
EVA-X,XGB,5pct,l2,Lung_Opacity,0.6424386439521339
EVA-X,XGB,5pct,l2,Pleural_Effusion,0.8707124750431837
EVA-X,XGB,5pct,l2,Pneumonia,0.5628649088454352
EVA-X,XGB,5pct,l2,Pneumothorax,0.8244648318042813
EVA-X,XGB,5pct,l2,Pleural_Other,0.6006061981327802
EVA-X,XGB,5pct,l2,Support_Devices,0.7226652048240805
EVA-X,XGB,5pct,l2,No_Finding,0.7589430894308943
CheXFound,s2,NegBio,raw,Atelectasis,0.7564665127020785
CheXFound,s2,NegBio,raw,Cardiomegaly,0.8369350095750904
CheXFound,s2,NegBio,raw,Consolidation,0.8224817173861759
CheXFound,s2,NegBio,raw,Edema,0.8628479175010012
CheXFound,s2,NegBio,raw,Enlarged_Cardiomediastinum,0.7154578754578754
CheXFound,s2,NegBio,raw,Fracture,0.7278626335230108
CheXFound,s2,NegBio,raw,Lung_Lesion,0.761607963589893
CheXFound,s2,NegBio,raw,Lung_Opacity,0.7202012308293446
CheXFound,s2,NegBio,raw,Pleural_Effusion,0.9156147122261324
CheXFound,s2,NegBio,raw,Pneumonia,0.6717703788748565
CheXFound,s2,NegBio,raw,Pneumothorax,0.8920149507305472
CheXFound,s2,NegBio,raw,Pleural_Other,0.7771484313540389
CheXFound,s2,NegBio,raw,Support_Devices,0.8075315729047072
CheXFound,s2,NegBio,raw,No_Finding,0.7978770296867311
Early_Fusion,LR,NegBio,raw,Atelectasis,0.799493693373601
Early_Fusion,LR,NegBio,raw,Cardiomegaly,0.8327043420430599
Early_Fusion,LR,NegBio,raw,Consolidation,0.8230518203978926
Early_Fusion,LR,NegBio,raw,Edema,0.8762014417300762
Early_Fusion,LR,NegBio,raw,Enlarged_Cardiomediastinum,0.6983150183150183
Early_Fusion,LR,NegBio,raw,Fracture,0.8440900469202357
Early_Fusion,LR,NegBio,raw,Lung_Lesion,0.796964329753604
Early_Fusion,LR,NegBio,raw,Lung_Opacity,0.7575559245872813
Early_Fusion,LR,NegBio,raw,Pleural_Effusion,0.9233113860824157
Early_Fusion,LR,NegBio,raw,Pneumonia,0.7622778415614236
Early_Fusion,LR,NegBio,raw,Pneumothorax,0.888413183826028
Early_Fusion,LR,NegBio,raw,Pleural_Other,0.8224928411844299
Early_Fusion,LR,NegBio,raw,Support_Devices,0.9072514351320322
Early_Fusion,LR,NegBio,raw,No_Finding,0.821515704444809
CheXFound,s4,1pct,raw,Atelectasis,0.586675477500052
CheXFound,s4,1pct,raw,Cardiomegaly,0.6909604202440163
CheXFound,s4,1pct,raw,Consolidation,0.5436600471818775
CheXFound,s4,1pct,raw,Edema,0.7112994333029976
CheXFound,s4,1pct,raw,Enlarged_Cardiomediastinum,0.6168754155299554
CheXFound,s4,1pct,raw,Fracture,0.34461009846413837
CheXFound,s4,1pct,raw,Lung_Lesion,0.5774214609808601
CheXFound,s4,1pct,raw,Lung_Opacity,0.5763300821153859
CheXFound,s4,1pct,raw,Pleural_Effusion,0.6886777420394837
CheXFound,s4,1pct,raw,Pneumonia,0.6173869884012598
CheXFound,s4,1pct,raw,Pneumothorax,0.6887218657449545
CheXFound,s4,1pct,raw,Pleural_Other,0.5310591797260357
CheXFound,s4,1pct,raw,Support_Devices,0.7386420452693511
CheXFound,s4,1pct,raw,No_Finding,0.7502276422764228
Early_Fusion,i2,CheXpert,raw,Atelectasis,0.7845982142857143
Early_Fusion,i2,CheXpert,raw,Cardiomegaly,0.8441804018965907
Early_Fusion,i2,CheXpert,raw,Consolidation,0.8089197462934432
Early_Fusion,i2,CheXpert,raw,Edema,0.877048672621186
Early_Fusion,i2,CheXpert,raw,Enlarged_Cardiomediastinum,0.6698412698412698
Early_Fusion,i2,CheXpert,raw,Fracture,0.8029676364061222
Early_Fusion,i2,CheXpert,raw,Lung_Lesion,0.8047863924050633
Early_Fusion,i2,CheXpert,raw,Lung_Opacity,0.758660524968926
Early_Fusion,i2,CheXpert,raw,Pleural_Effusion,0.9291562913610157
Early_Fusion,i2,CheXpert,raw,Pneumonia,0.7675670359343008
Early_Fusion,i2,CheXpert,raw,Pneumothorax,0.891471287801563
Early_Fusion,i2,CheXpert,raw,Pleural_Other,0.8443010892116183
Early_Fusion,i2,CheXpert,raw,Support_Devices,0.9110571477759758
Early_Fusion,i2,CheXpert,raw,No_Finding,0.8249322493224933
CXR_Foundation,LR,10pct,pca95,Atelectasis,0.7846522177419355
CXR_Foundation,LR,10pct,pca95,Cardiomegaly,0.7636176337773765
CXR_Foundation,LR,10pct,pca95,Consolidation,0.7863302587086577
CXR_Foundation,LR,10pct,pca95,Edema,0.8469209518972287
CXR_Foundation,LR,10pct,pca95,Enlarged_Cardiomediastinum,0.6915262515262515
CXR_Foundation,LR,10pct,pca95,Fracture,0.6504030844724851
CXR_Foundation,LR,10pct,pca95,Lung_Lesion,0.7018284106891701
CXR_Foundation,LR,10pct,pca95,Lung_Opacity,0.7198410957568666
CXR_Foundation,LR,10pct,pca95,Pleural_Effusion,0.8545606478677344
CXR_Foundation,LR,10pct,pca95,Pneumonia,0.6849691084824263
CXR_Foundation,LR,10pct,pca95,Pneumothorax,0.8478423377505946
CXR_Foundation,LR,10pct,pca95,Pleural_Other,0.7943464730290456
CXR_Foundation,LR,10pct,pca95,Support_Devices,0.8253218923008617
CXR_Foundation,LR,10pct,pca95,No_Finding,0.7327154471544716
CheXFound,XGB,1pct,l2,Atelectasis,0.6944754464285713
CheXFound,XGB,1pct,l2,Cardiomegaly,0.7536689997742154
CheXFound,XGB,1pct,l2,Consolidation,0.6316953120310531
CheXFound,XGB,1pct,l2,Edema,0.7690497132168033
CheXFound,XGB,1pct,l2,Enlarged_Cardiomediastinum,0.5976312576312576
CheXFound,XGB,1pct,l2,Fracture,0.5676597733380068
CheXFound,XGB,1pct,l2,Lung_Lesion,0.5596101441631505
CheXFound,XGB,1pct,l2,Lung_Opacity,0.5795374229241305
CheXFound,XGB,1pct,l2,Pleural_Effusion,0.7907160643381115
CheXFound,XGB,1pct,l2,Pneumonia,0.576316801230296
CheXFound,XGB,1pct,l2,Pneumothorax,0.7372748895684675
CheXFound,XGB,1pct,l2,Pleural_Other,0.5729706950207469
CheXFound,XGB,1pct,l2,Support_Devices,0.7249531092848147
CheXFound,XGB,1pct,l2,No_Finding,0.7203739837398374
CheXagent,LR,NegBio,raw,Atelectasis,0.7977082963226151
CheXagent,LR,NegBio,raw,Cardiomegaly,0.8408131214794515
CheXagent,LR,NegBio,raw,Consolidation,0.8108830699064244
CheXagent,LR,NegBio,raw,Edema,0.8711829195034042
CheXagent,LR,NegBio,raw,Enlarged_Cardiomediastinum,0.7385103785103785
CheXagent,LR,NegBio,raw,Fracture,0.8420435260057901
CheXagent,LR,NegBio,raw,Lung_Lesion,0.8192274062282806
CheXagent,LR,NegBio,raw,Lung_Opacity,0.7616733417993553
CheXagent,LR,NegBio,raw,Pleural_Effusion,0.9176013168350551
CheXagent,LR,NegBio,raw,Pneumonia,0.8046567164179106
CheXagent,LR,NegBio,raw,Pneumothorax,0.8996941896024464
CheXagent,LR,NegBio,raw,Pleural_Other,0.8534566852323862
CheXagent,LR,NegBio,raw,Support_Devices,0.9062411021814007
CheXagent,LR,NegBio,raw,No_Finding,0.8199729375102509
Early_Fusion,s4,CheXpert,raw,Atelectasis,0.7042873737941774
Early_Fusion,s4,CheXpert,raw,Cardiomegaly,0.7793321258667738
Early_Fusion,s4,CheXpert,raw,Consolidation,0.6902129362407307
Early_Fusion,s4,CheXpert,raw,Edema,0.8036959532000836
Early_Fusion,s4,CheXpert,raw,Enlarged_Cardiomediastinum,0.742733103820695
Early_Fusion,s4,CheXpert,raw,Fracture,0.6702716644346568
Early_Fusion,s4,CheXpert,raw,Lung_Lesion,0.7138472116189547
Early_Fusion,s4,CheXpert,raw,Lung_Opacity,0.731712960005622
Early_Fusion,s4,CheXpert,raw,Pleural_Effusion,0.7982284108538118
Early_Fusion,s4,CheXpert,raw,Pneumonia,0.7591903747358524
Early_Fusion,s4,CheXpert,raw,Pneumothorax,0.7972952540087813
Early_Fusion,s4,CheXpert,raw,Pleural_Other,0.822418738235602
Early_Fusion,s4,CheXpert,raw,Support_Devices,0.8459625652089734
Early_Fusion,s4,CheXpert,raw,No_Finding,0.8361571815718158
MedSigLIP,i2,5pct,raw,Atelectasis,0.7884324596774194
MedSigLIP,i2,5pct,raw,Cardiomegaly,0.8281285278843982
MedSigLIP,i2,5pct,raw,Consolidation,0.7881910402368995
MedSigLIP,i2,5pct,raw,Edema,0.8491755757343011
MedSigLIP,i2,5pct,raw,Enlarged_Cardiomediastinum,0.6337973137973137
MedSigLIP,i2,5pct,raw,Fracture,0.6839817735716789
MedSigLIP,i2,5pct,raw,Lung_Lesion,0.6896097046413502
MedSigLIP,i2,5pct,raw,Lung_Opacity,0.7248616899417515
MedSigLIP,i2,5pct,raw,Pleural_Effusion,0.9066615070552078
MedSigLIP,i2,5pct,raw,Pneumonia,0.7046931859839238
MedSigLIP,i2,5pct,raw,Pneumothorax,0.8414542983350323
MedSigLIP,i2,5pct,raw,Pleural_Other,0.8067297717842323
MedSigLIP,i2,5pct,raw,Support_Devices,0.8565914300988555
MedSigLIP,i2,5pct,raw,No_Finding,0.786520325203252
Early_Fusion,i4,10pct,raw,Atelectasis,0.6442342240282494
Early_Fusion,i4,10pct,raw,Cardiomegaly,0.7196015710721364
Early_Fusion,i4,10pct,raw,Consolidation,0.6323997053530341
Early_Fusion,i4,10pct,raw,Edema,0.778906349690579
Early_Fusion,i4,10pct,raw,Enlarged_Cardiomediastinum,0.6647640341487975
Early_Fusion,i4,10pct,raw,Fracture,0.6435557767125677
Early_Fusion,i4,10pct,raw,Lung_Lesion,0.6022985224340653
Early_Fusion,i4,10pct,raw,Lung_Opacity,0.6839591175080799
Early_Fusion,i4,10pct,raw,Pleural_Effusion,0.7816110634338698
Early_Fusion,i4,10pct,raw,Pneumonia,0.7135405867715343
Early_Fusion,i4,10pct,raw,Pneumothorax,0.7286830355086265
Early_Fusion,i4,10pct,raw,Pleural_Other,0.7212015112468285
Early_Fusion,i4,10pct,raw,Support_Devices,0.7819123800036458
Early_Fusion,i4,10pct,raw,No_Finding,0.8014037940379404
CXR_Foundation,s2,5pct,raw,Atelectasis,0.7814750144009217
CXR_Foundation,s2,5pct,raw,Cardiomegaly,0.7885315533980582
CXR_Foundation,s2,5pct,raw,Consolidation,0.7527161407791272
CXR_Foundation,s2,5pct,raw,Edema,0.8572525798099674
CXR_Foundation,s2,5pct,raw,Enlarged_Cardiomediastinum,0.6801953601953602
CXR_Foundation,s2,5pct,raw,Fracture,0.6957588503329828
CXR_Foundation,s2,5pct,raw,Lung_Lesion,0.7093662095639944
CXR_Foundation,s2,5pct,raw,Lung_Opacity,0.7242231483512465
CXR_Foundation,s2,5pct,raw,Pleural_Effusion,0.8981425398748233
CXR_Foundation,s2,5pct,raw,Pneumonia,0.6931323372942428
CXR_Foundation,s2,5pct,raw,Pneumothorax,0.8664627930682975
CXR_Foundation,s2,5pct,raw,Pleural_Other,0.7828708506224067
CXR_Foundation,s2,5pct,raw,Support_Devices,0.834654730299104
CXR_Foundation,s2,5pct,raw,No_Finding,0.7858319783197832
CheXagent,i4,5pct,raw,Atelectasis,0.7292763138546878
CheXagent,i4,5pct,raw,Cardiomegaly,0.7436341039966687
CheXagent,i4,5pct,raw,Consolidation,0.6376508161233894
CheXagent,i4,5pct,raw,Edema,0.7677921187793084
CheXagent,i4,5pct,raw,Enlarged_Cardiomediastinum,0.6713008332957636
CheXagent,i4,5pct,raw,Fracture,0.7738683758183668
CheXagent,i4,5pct,raw,Lung_Lesion,0.5981967362813937
CheXagent,i4,5pct,raw,Lung_Opacity,0.6744385455388902
CheXagent,i4,5pct,raw,Pleural_Effusion,0.7821100423984606
CheXagent,i4,5pct,raw,Pneumonia,0.70407719861534
CheXagent,i4,5pct,raw,Pneumothorax,0.7160582233171228
CheXagent,i4,5pct,raw,Pleural_Other,0.7275831119504552
CheXagent,i4,5pct,raw,Support_Devices,0.8308566163082317
CheXagent,i4,5pct,raw,No_Finding,0.8188319783197832
CXR_Foundation,s2,NegBio,raw,Atelectasis,0.7961538461538462
CXR_Foundation,s2,NegBio,raw,Cardiomegaly,0.8180091824715752
CXR_Foundation,s2,NegBio,raw,Consolidation,0.8092120783203586
CXR_Foundation,s2,NegBio,raw,Edema,0.862522527032439
CXR_Foundation,s2,NegBio,raw,Enlarged_Cardiomediastinum,0.7138949938949939
CXR_Foundation,s2,NegBio,raw,Fracture,0.7193521014275731
CXR_Foundation,s2,NegBio,raw,Lung_Lesion,0.7238974956841467
CXR_Foundation,s2,NegBio,raw,Lung_Opacity,0.7407736641594217
CXR_Foundation,s2,NegBio,raw,Pleural_Effusion,0.9144170734476105
CXR_Foundation,s2,NegBio,raw,Pneumonia,0.7423834672789896
CXR_Foundation,s2,NegBio,raw,Pneumothorax,0.8693170234454638
CXR_Foundation,s2,NegBio,raw,Pleural_Other,0.8369363416092388
CXR_Foundation,s2,NegBio,raw,Support_Devices,0.8719265212399541
CXR_Foundation,s2,NegBio,raw,No_Finding,0.807133631294079
BioViL-T,LR,NegBio,l2,Atelectasis,0.6591668147095398
BioViL-T,LR,NegBio,l2,Cardiomegaly,0.7313606243439661
BioViL-T,LR,NegBio,l2,Consolidation,0.5514468821262877
BioViL-T,LR,NegBio,l2,Edema,0.7770449539447337
BioViL-T,LR,NegBio,l2,Enlarged_Cardiomediastinum,0.6306227106227107
BioViL-T,LR,NegBio,l2,Fracture,0.5314964560247579
BioViL-T,LR,NegBio,l2,Lung_Lesion,0.559895074322355
BioViL-T,LR,NegBio,l2,Lung_Opacity,0.5617710266679691
BioViL-T,LR,NegBio,l2,Pleural_Effusion,0.76923600862754
BioViL-T,LR,NegBio,l2,Pneumonia,0.542158438576349
BioViL-T,LR,NegBio,l2,Pneumothorax,0.6563370710159702
BioViL-T,LR,NegBio,l2,Pleural_Other,0.5722017684634507
BioViL-T,LR,NegBio,l2,Support_Devices,0.6787416762342136
BioViL-T,LR,NegBio,l2,No_Finding,0.6854549368541906
MedSigLIP,s2,CheXpert,raw,Atelectasis,0.8017983150921658
MedSigLIP,s2,CheXpert,raw,Cardiomegaly,0.8324678256942877
MedSigLIP,s2,CheXpert,raw,Consolidation,0.7972748554392846
MedSigLIP,s2,CheXpert,raw,Edema,0.8603867547043593
MedSigLIP,s2,CheXpert,raw,Enlarged_Cardiomediastinum,0.7235164835164836
MedSigLIP,s2,CheXpert,raw,Fracture,0.7097090781633367
MedSigLIP,s2,CheXpert,raw,Lung_Lesion,0.7137174753867791
MedSigLIP,s2,CheXpert,raw,Lung_Opacity,0.750963905339865
MedSigLIP,s2,CheXpert,raw,Pleural_Effusion,0.9173845256522422
MedSigLIP,s2,CheXpert,raw,Pneumonia,0.7500871757731821
MedSigLIP,s2,CheXpert,raw,Pneumothorax,0.9121984369690792
MedSigLIP,s2,CheXpert,raw,Pleural_Other,0.8236838692946058
MedSigLIP,s2,CheXpert,raw,Support_Devices,0.8943758324800886
MedSigLIP,s2,CheXpert,raw,No_Finding,0.8117344173441735
EVA-X,i2,1pct,raw,Atelectasis,0.6809745823732719
EVA-X,i2,1pct,raw,Cardiomegaly,0.8104538270489953
EVA-X,i2,1pct,raw,Consolidation,0.637687828888133
EVA-X,i2,1pct,raw,Edema,0.7701770251353395
EVA-X,i2,1pct,raw,Enlarged_Cardiomediastinum,0.6145054945054944
EVA-X,i2,1pct,raw,Fracture,0.49085173501577284
EVA-X,i2,1pct,raw,Lung_Lesion,0.6312851617440225
EVA-X,i2,1pct,raw,Lung_Opacity,0.6615632083059151
EVA-X,i2,1pct,raw,Pleural_Effusion,0.854723287794154
EVA-X,i2,1pct,raw,Pneumonia,0.5814221721520345
EVA-X,i2,1pct,raw,Pneumothorax,0.7471967380224261
EVA-X,i2,1pct,raw,Pleural_Other,0.4817492219917012
EVA-X,i2,1pct,raw,Support_Devices,0.7261582233175974
EVA-X,i2,1pct,raw,No_Finding,0.7314254742547426
CheXFound,i2,5pct,raw,Atelectasis,0.7606386808755761
CheXFound,i2,5pct,raw,Cardiomegaly,0.8285659855497854
CheXFound,i2,5pct,raw,Consolidation,0.6899497789071409
CheXFound,i2,5pct,raw,Edema,0.8563358646234654
CheXFound,i2,5pct,raw,Enlarged_Cardiomediastinum,0.6179242979242979
CheXFound,i2,5pct,raw,Fracture,0.6276901507185418
CheXFound,i2,5pct,raw,Lung_Lesion,0.7450993319268636
CheXFound,i2,5pct,raw,Lung_Opacity,0.68593989910068
CheXFound,i2,5pct,raw,Pleural_Effusion,0.8739372322049487
CheXFound,i2,5pct,raw,Pneumonia,0.6327172912028469
CheXFound,i2,5pct,raw,Pneumothorax,0.7808358817533129
CheXFound,i2,5pct,raw,Pleural_Other,0.6816001037344398
CheXFound,i2,5pct,raw,Support_Devices,0.7697869757074381
CheXFound,i2,5pct,raw,No_Finding,0.7667154471544715
CheXagent,s4,CheXpert,raw,Atelectasis,0.7481129717564744
CheXagent,s4,CheXpert,raw,Cardiomegaly,0.7719928044254818
CheXagent,s4,CheXpert,raw,Consolidation,0.7104576125169808
CheXagent,s4,CheXpert,raw,Edema,0.8015275220920683
CheXagent,s4,CheXpert,raw,Enlarged_Cardiomediastinum,0.7381743313449617
CheXagent,s4,CheXpert,raw,Fracture,0.7523316996211107
CheXagent,s4,CheXpert,raw,Lung_Lesion,0.7334903041693208
CheXagent,s4,CheXpert,raw,Lung_Opacity,0.7176258575401654
CheXagent,s4,CheXpert,raw,Pleural_Effusion,0.8141036518171663
CheXagent,s4,CheXpert,raw,Pneumonia,0.7573660062638639
CheXagent,s4,CheXpert,raw,Pneumothorax,0.8014422987956101
CheXagent,s4,CheXpert,raw,Pleural_Other,0.8230275419638192
CheXagent,s4,CheXpert,raw,Support_Devices,0.9173507725184461
CheXagent,s4,CheXpert,raw,No_Finding,0.8300840108401084
EVA-X,XGB,5pct,raw,Atelectasis,0.7089033698156681
EVA-X,XGB,5pct,raw,Cardiomegaly,0.7705746218107925
EVA-X,XGB,5pct,raw,Consolidation,0.6611576862282159
EVA-X,XGB,5pct,raw,Edema,0.8335790295207066
EVA-X,XGB,5pct,raw,Enlarged_Cardiomediastinum,0.633992673992674
EVA-X,XGB,5pct,raw,Fracture,0.5854889589905362
EVA-X,XGB,5pct,raw,Lung_Lesion,0.6250219760900141
EVA-X,XGB,5pct,raw,Lung_Opacity,0.6527211133045745
EVA-X,XGB,5pct,raw,Pleural_Effusion,0.8764160890145142
EVA-X,XGB,5pct,raw,Pneumonia,0.584462147832229
EVA-X,XGB,5pct,raw,Pneumothorax,0.8411145090044173
EVA-X,XGB,5pct,raw,Pleural_Other,0.5372309387966805
EVA-X,XGB,5pct,raw,Support_Devices,0.7493815862200194
EVA-X,XGB,5pct,raw,No_Finding,0.7670731707317073
BioViL-T,s4,5pct,raw,Atelectasis,0.47485349493904705
BioViL-T,s4,5pct,raw,Cardiomegaly,0.619414770209784
BioViL-T,s4,5pct,raw,Consolidation,0.5356225985436032
BioViL-T,s4,5pct,raw,Edema,0.6170391890412026
BioViL-T,s4,5pct,raw,Enlarged_Cardiomediastinum,0.5922975817661909
BioViL-T,s4,5pct,raw,Fracture,0.45737910643430835
BioViL-T,s4,5pct,raw,Lung_Lesion,0.5509488724049989
BioViL-T,s4,5pct,raw,Lung_Opacity,0.5296935268484986
BioViL-T,s4,5pct,raw,Pleural_Effusion,0.592703188752118
BioViL-T,s4,5pct,raw,Pneumonia,0.5129165527738381
BioViL-T,s4,5pct,raw,Pneumothorax,0.6299403967292092
BioViL-T,s4,5pct,raw,Pleural_Other,0.554079078730914
BioViL-T,s4,5pct,raw,Support_Devices,0.6816532904736136
BioViL-T,s4,5pct,raw,No_Finding,0.6571490514905148
MedSigLIP,s2,1pct,raw,Atelectasis,0.7775957661290323
MedSigLIP,s2,1pct,raw,Cardiomegaly,0.8166064574396026
MedSigLIP,s2,1pct,raw,Consolidation,0.7138998379319313
MedSigLIP,s2,1pct,raw,Edema,0.8617122753118689
MedSigLIP,s2,1pct,raw,Enlarged_Cardiomediastinum,0.5700610500610501
MedSigLIP,s2,1pct,raw,Fracture,0.6762705923589205
MedSigLIP,s2,1pct,raw,Lung_Lesion,0.6286480309423348
MedSigLIP,s2,1pct,raw,Lung_Opacity,0.7121932197606687
MedSigLIP,s2,1pct,raw,Pleural_Effusion,0.9050743657042869
MedSigLIP,s2,1pct,raw,Pneumonia,0.6934542170721457
MedSigLIP,s2,1pct,raw,Pneumothorax,0.8229697587495752
MedSigLIP,s2,1pct,raw,Pleural_Other,0.43882909751037347
MedSigLIP,s2,1pct,raw,Support_Devices,0.812844884608066
MedSigLIP,s2,1pct,raw,No_Finding,0.7844552845528456
CheXagent,LR,1pct,raw,Atelectasis,0.7462287586405529
CheXagent,LR,1pct,raw,Cardiomegaly,0.8206564687288327
CheXagent,LR,1pct,raw,Consolidation,0.692150703295384
CheXagent,LR,1pct,raw,Edema,0.8308660480903832
CheXagent,LR,1pct,raw,Enlarged_Cardiomediastinum,0.6842490842490841
CheXagent,LR,1pct,raw,Fracture,0.7396658488141138
CheXagent,LR,1pct,raw,Lung_Lesion,0.6740506329113924
CheXagent,LR,1pct,raw,Lung_Opacity,0.7203626526285004
CheXagent,LR,1pct,raw,Pleural_Effusion,0.8855183166206789
CheXagent,LR,1pct,raw,Pneumonia,0.7081802169112058
CheXagent,LR,1pct,raw,Pneumothorax,0.8956846755011892
CheXagent,LR,1pct,raw,Pleural_Other,0.6295707987551867
CheXagent,LR,1pct,raw,Support_Devices,0.7938258293087357
CheXagent,LR,1pct,raw,No_Finding,0.7899132791327912
MedSigLIP,i2,CheXpert,raw,Atelectasis,0.7936077908986175
MedSigLIP,i2,CheXpert,raw,Cardiomegaly,0.8256590088055995
MedSigLIP,i2,CheXpert,raw,Consolidation,0.7891314352027853
MedSigLIP,i2,CheXpert,raw,Edema,0.8683274903063563
MedSigLIP,i2,CheXpert,raw,Enlarged_Cardiomediastinum,0.7615140415140416
MedSigLIP,i2,CheXpert,raw,Fracture,0.6817151536394438
MedSigLIP,i2,CheXpert,raw,Lung_Lesion,0.7262218706047819
MedSigLIP,i2,CheXpert,raw,Lung_Opacity,0.7213813945553362
MedSigLIP,i2,CheXpert,raw,Pleural_Effusion,0.9165208515602217
MedSigLIP,i2,CheXpert,raw,Pneumonia,0.733045429754209
MedSigLIP,i2,CheXpert,raw,Pneumothorax,0.9018008834522595
MedSigLIP,i2,CheXpert,raw,Pleural_Other,0.8009595435684647
MedSigLIP,i2,CheXpert,raw,Support_Devices,0.888902983789857
MedSigLIP,i2,CheXpert,raw,No_Finding,0.8195176151761518
MedSigLIP,XGB,1pct,pca95,Atelectasis,0.694097422235023
MedSigLIP,XGB,1pct,pca95,Cardiomegaly,0.7482078347256718
MedSigLIP,XGB,1pct,pca95,Consolidation,0.5633766181796355
MedSigLIP,XGB,1pct,pca95,Edema,0.6270207995242992
MedSigLIP,XGB,1pct,pca95,Enlarged_Cardiomediastinum,0.5420757020757021
MedSigLIP,XGB,1pct,pca95,Fracture,0.5697861899754645
MedSigLIP,XGB,1pct,pca95,Lung_Lesion,0.5337882383966245
MedSigLIP,XGB,1pct,pca95,Lung_Opacity,0.6182106212376008
MedSigLIP,XGB,1pct,pca95,Pleural_Effusion,0.7994621665881508
MedSigLIP,XGB,1pct,pca95,Pneumonia,0.5664145275073094
MedSigLIP,XGB,1pct,pca95,Pneumothorax,0.7527013251783893
MedSigLIP,XGB,1pct,pca95,Pleural_Other,0.5176510632780082
MedSigLIP,XGB,1pct,pca95,Support_Devices,0.7561954640595127
MedSigLIP,XGB,1pct,pca95,No_Finding,0.681
CheXFound,i2,1pct,raw,Atelectasis,0.7207931307603687
CheXFound,i2,1pct,raw,Cardiomegaly,0.7924263377737639
CheXFound,i2,1pct,raw,Consolidation,0.5830248704455872
CheXFound,i2,1pct,raw,Edema,0.7494022769223145
CheXFound,i2,1pct,raw,Enlarged_Cardiomediastinum,0.6286202686202687
CheXFound,i2,1pct,raw,Fracture,0.5843673326323169
CheXFound,i2,1pct,raw,Lung_Lesion,0.6390646976090014
CheXFound,i2,1pct,raw,Lung_Opacity,0.6785357412687969
CheXFound,i2,1pct,raw,Pleural_Effusion,0.8467539313996008
CheXFound,i2,1pct,raw,Pneumonia,0.6442513165777026
CheXFound,i2,1pct,raw,Pneumothorax,0.6239891267414204
CheXFound,i2,1pct,raw,Pleural_Other,0.4925440871369295
CheXFound,i2,1pct,raw,Support_Devices,0.7233764939336552
CheXFound,i2,1pct,raw,No_Finding,0.7528997289972899
CheXFound,XGB,10pct,raw,Atelectasis,0.7206041186635944
CheXFound,XGB,10pct,raw,Cardiomegaly,0.8112229058478212
CheXFound,XGB,10pct,raw,Consolidation,0.7250245102943236
CheXFound,XGB,10pct,raw,Edema,0.8451122976103465
CheXFound,XGB,10pct,raw,Enlarged_Cardiomediastinum,0.6577777777777778
CheXFound,XGB,10pct,raw,Fracture,0.5770533940880944
CheXFound,XGB,10pct,raw,Lung_Lesion,0.6213849331926863
CheXFound,XGB,10pct,raw,Lung_Opacity,0.6610903950671444
CheXFound,XGB,10pct,raw,Pleural_Effusion,0.8669156740022882
CheXFound,XGB,10pct,raw,Pneumonia,0.5968276959666675
CheXFound,XGB,10pct,raw,Pneumothorax,0.783758069996602
CheXFound,XGB,10pct,raw,Pleural_Other,0.7042758039419087
CheXFound,XGB,10pct,raw,Support_Devices,0.7365693212399084
CheXFound,XGB,10pct,raw,No_Finding,0.7629972899728998
MedSigLIP,XGB,CheXpert,pca95,Atelectasis,0.7777757776497696
MedSigLIP,XGB,CheXpert,pca95,Cardiomegaly,0.8145955633325808
MedSigLIP,XGB,CheXpert,pca95,Consolidation,0.7781668300686289
MedSigLIP,XGB,CheXpert,pca95,Edema,0.8423745400939013
MedSigLIP,XGB,CheXpert,pca95,Enlarged_Cardiomediastinum,0.7427594627594628
MedSigLIP,XGB,CheXpert,pca95,Fracture,0.5586867624722514
MedSigLIP,XGB,CheXpert,pca95,Lung_Lesion,0.7337816455696202
MedSigLIP,XGB,CheXpert,pca95,Lung_Opacity,0.7380565913577539
MedSigLIP,XGB,CheXpert,pca95,Pleural_Effusion,0.9019449491890438
MedSigLIP,XGB,CheXpert,pca95,Pneumonia,0.7221104584104503
MedSigLIP,XGB,CheXpert,pca95,Pneumothorax,0.8674821610601426
MedSigLIP,XGB,CheXpert,pca95,Pleural_Other,0.7032546680497926
MedSigLIP,XGB,CheXpert,pca95,Support_Devices,0.8358689053396517
MedSigLIP,XGB,CheXpert,pca95,No_Finding,0.7773170731707317
CheXagent,LR,10pct,l2,Atelectasis,0.7814930155529953
CheXagent,LR,10pct,l2,Cardiomegaly,0.8375338676902235
CheXagent,LR,10pct,l2,Consolidation,0.7561375777826688
CheXagent,LR,10pct,l2,Edema,0.8717218141050258
CheXagent,LR,10pct,l2,Enlarged_Cardiomediastinum,0.6732112332112332
CheXagent,LR,10pct,l2,Fracture,0.812478093235191
CheXagent,LR,10pct,l2,Lung_Lesion,0.7859089310829817
CheXagent,LR,10pct,l2,Lung_Opacity,0.7537422924130537
CheXagent,LR,10pct,l2,Pleural_Effusion,0.9182930659308611
CheXagent,LR,10pct,l2,Pneumonia,0.7640889461119605
CheXagent,LR,10pct,l2,Pneumothorax,0.9365273530411145
CheXagent,LR,10pct,l2,Pleural_Other,0.8078643672199171
CheXagent,LR,10pct,l2,Support_Devices,0.8923371057328996
CheXagent,LR,10pct,l2,No_Finding,0.8118970189701898
Early_Fusion,LR,NegBio,pca95,Atelectasis,0.7952567063421567
Early_Fusion,LR,NegBio,pca95,Cardiomegaly,0.8398916692707707
Early_Fusion,LR,NegBio,pca95,Consolidation,0.8233663599905637
Early_Fusion,LR,NegBio,pca95,Edema,0.8657639167000402
Early_Fusion,LR,NegBio,pca95,Enlarged_Cardiomediastinum,0.7574603174603175
Early_Fusion,LR,NegBio,pca95,Fracture,0.8291903763601877
Early_Fusion,LR,NegBio,pca95,Lung_Lesion,0.8149227630428447
Early_Fusion,LR,NegBio,pca95,Lung_Opacity,0.7558073654390934
Early_Fusion,LR,NegBio,pca95,Pleural_Effusion,0.9205244636167557
Early_Fusion,LR,NegBio,pca95,Pneumonia,0.7893731343283583
Early_Fusion,LR,NegBio,pca95,Pneumothorax,0.9053346924906558
Early_Fusion,LR,NegBio,pca95,Pleural_Other,0.8434815444161239
Early_Fusion,LR,NegBio,pca95,Support_Devices,0.9043030998851894
Early_Fusion,LR,NegBio,pca95,No_Finding,0.8007677956371987
EVA-X,LR,CheXpert,l2,Atelectasis,0.7765156970046083
EVA-X,LR,CheXpert,l2,Cardiomegaly,0.8350855159178143
EVA-X,LR,CheXpert,l2,Consolidation,0.7840693091098261
EVA-X,LR,CheXpert,l2,Edema,0.866593164277839
EVA-X,LR,CheXpert,l2,Enlarged_Cardiomediastinum,0.6787301587301587
EVA-X,LR,CheXpert,l2,Fracture,0.7107839700899637
EVA-X,LR,CheXpert,l2,Lung_Lesion,0.6806214838255977
EVA-X,LR,CheXpert,l2,Lung_Opacity,0.714898491384563
EVA-X,LR,CheXpert,l2,Pleural_Effusion,0.8995558247526751
EVA-X,LR,CheXpert,l2,Pneumonia,0.7180064912421877
EVA-X,LR,CheXpert,l2,Pneumothorax,0.8964322120285423
EVA-X,LR,CheXpert,l2,Pleural_Other,0.8156120331950207
EVA-X,LR,CheXpert,l2,Support_Devices,0.8190426139195202
EVA-X,LR,CheXpert,l2,No_Finding,0.7838157181571817
CheXFound,i4,5pct,raw,Atelectasis,0.5918991139116985
CheXFound,i4,5pct,raw,Cardiomegaly,0.696340599518949
CheXFound,i4,5pct,raw,Consolidation,0.6122486834387312
CheXFound,i4,5pct,raw,Edema,0.7396892519975424
CheXFound,i4,5pct,raw,Enlarged_Cardiomediastinum,0.629629965341042
CheXFound,i4,5pct,raw,Fracture,0.6637101128721375
CheXFound,i4,5pct,raw,Lung_Lesion,0.6180357195324493
CheXFound,i4,5pct,raw,Lung_Opacity,0.6372988324572869
CheXFound,i4,5pct,raw,Pleural_Effusion,0.7035495804393552
CheXFound,i4,5pct,raw,Pneumonia,0.6210494913188855
CheXFound,i4,5pct,raw,Pneumothorax,0.6905156574208814
CheXFound,i4,5pct,raw,Pleural_Other,0.6199343719047455
CheXFound,i4,5pct,raw,Support_Devices,0.743393605916568
CheXFound,i4,5pct,raw,No_Finding,0.7642574525745257
CheXagent,i2,NegBio,raw,Atelectasis,0.7930893586782732
CheXagent,i2,NegBio,raw,Cardiomegaly,0.8568944656779084
CheXagent,i2,NegBio,raw,Consolidation,0.8066957615789887
CheXagent,i2,NegBio,raw,Edema,0.8770149179014818
CheXagent,i2,NegBio,raw,Enlarged_Cardiomediastinum,0.7545787545787546
CheXagent,i2,NegBio,raw,Fracture,0.8480333433163622
CheXagent,i2,NegBio,raw,Lung_Lesion,0.8010671927897227
CheXagent,i2,NegBio,raw,Lung_Opacity,0.7696835010256912
CheXagent,i2,NegBio,raw,Pleural_Effusion,0.9312237484390964
CheXagent,i2,NegBio,raw,Pneumonia,0.7972169919632606
CheXagent,i2,NegBio,raw,Pneumothorax,0.927353041114509
CheXagent,i2,NegBio,raw,Pleural_Other,0.8555964630730986
CheXagent,i2,NegBio,raw,Support_Devices,0.9204225028702642
CheXagent,i2,NegBio,raw,No_Finding,0.8280250533049041
MedSigLIP,XGB,5pct,raw,Atelectasis,0.7652109735023043
MedSigLIP,XGB,5pct,raw,Cardiomegaly,0.8143838902686837
MedSigLIP,XGB,5pct,raw,Consolidation,0.7426519138037976
MedSigLIP,XGB,5pct,raw,Edema,0.8642889882685232
MedSigLIP,XGB,5pct,raw,Enlarged_Cardiomediastinum,0.6261538461538461
MedSigLIP,XGB,5pct,raw,Fracture,0.5612805234256338
MedSigLIP,XGB,5pct,raw,Lung_Lesion,0.620571817862166
MedSigLIP,XGB,5pct,raw,Lung_Opacity,0.7070093344056932
MedSigLIP,XGB,5pct,raw,Pleural_Effusion,0.9123090382932904
MedSigLIP,XGB,5pct,raw,Pneumonia,0.6447341362445571
MedSigLIP,XGB,5pct,raw,Pneumothorax,0.8613659531090724
MedSigLIP,XGB,5pct,raw,Pleural_Other,0.7896784232365145
MedSigLIP,XGB,5pct,raw,Support_Devices,0.8408433986027927
MedSigLIP,XGB,5pct,raw,No_Finding,0.788650406504065
Early_Fusion,LR,10pct,raw,Atelectasis,0.7841751872119815
Early_Fusion,LR,10pct,raw,Cardiomegaly,0.8251016030706705
Early_Fusion,LR,10pct,raw,Consolidation,0.753496468516777
Early_Fusion,LR,10pct,raw,Edema,0.8544281059920964
Early_Fusion,LR,10pct,raw,Enlarged_Cardiomediastinum,0.5432478632478632
Early_Fusion,LR,10pct,raw,Fracture,0.8117069751139151
Early_Fusion,LR,10pct,raw,Lung_Lesion,0.802632735583685
Early_Fusion,LR,10pct,raw,Lung_Opacity,0.7447880870561283
Early_Fusion,LR,10pct,raw,Pleural_Effusion,0.9119781501671266
Early_Fusion,LR,10pct,raw,Pneumonia,0.7522062176443766
Early_Fusion,LR,10pct,raw,Pneumothorax,0.9112470268433571
Early_Fusion,LR,10pct,raw,Pleural_Other,0.8509141597510373
Early_Fusion,LR,10pct,raw,Support_Devices,0.8869729891358517
Early_Fusion,LR,10pct,raw,No_Finding,0.8109864498644986
CheXagent,LR,5pct,raw,Atelectasis,0.7755436347926267
CheXagent,LR,5pct,raw,Cardiomegaly,0.8265268683675775
CheXagent,LR,5pct,raw,Consolidation,0.7178214850237099
CheXagent,LR,5pct,raw,Edema,0.8700494282918128
CheXagent,LR,5pct,raw,Enlarged_Cardiomediastinum,0.6613919413919414
CheXagent,LR,5pct,raw,Fracture,0.8233204813646454
CheXagent,LR,5pct,raw,Lung_Lesion,0.7831838959212377
CheXagent,LR,5pct,raw,Lung_Opacity,0.7393141770856182
CheXagent,LR,5pct,raw,Pleural_Effusion,0.9199699396549791
CheXagent,LR,5pct,raw,Pneumonia,0.7509812862673569
CheXagent,LR,5pct,raw,Pneumothorax,0.9166156982670745
CheXagent,LR,5pct,raw,Pleural_Other,0.8371045124481328
CheXagent,LR,5pct,raw,Support_Devices,0.8650362893360999
CheXagent,LR,5pct,raw,No_Finding,0.8057452574525746
MedSigLIP,LR,1pct,l2,Atelectasis,0.7198570708525346
MedSigLIP,LR,1pct,l2,Cardiomegaly,0.7366928200496725
MedSigLIP,LR,1pct,l2,Consolidation,0.7023749974989496
MedSigLIP,LR,1pct,l2,Edema,0.8295157513967518
MedSigLIP,LR,1pct,l2,Enlarged_Cardiomediastinum,0.5151159951159952
MedSigLIP,LR,1pct,l2,Fracture,0.5378899404135997
MedSigLIP,LR,1pct,l2,Lung_Lesion,0.5548523206751055
MedSigLIP,LR,1pct,l2,Lung_Opacity,0.6903950671443543
MedSigLIP,LR,1pct,l2,Pleural_Effusion,0.852594948067389
MedSigLIP,LR,1pct,l2,Pneumonia,0.623141367810234
MedSigLIP,LR,1pct,l2,Pneumothorax,0.8741420319401971
MedSigLIP,LR,1pct,l2,Pleural_Other,0.549565612033195
MedSigLIP,LR,1pct,l2,Support_Devices,0.8096644708824515
MedSigLIP,LR,1pct,l2,No_Finding,0.7377018970189702
MedSigLIP,LR,NegBio,raw,Atelectasis,0.7797743826612187
MedSigLIP,LR,NegBio,raw,Cardiomegaly,0.8280089420927382
MedSigLIP,LR,NegBio,raw,Consolidation,0.7829087048832272
MedSigLIP,LR,NegBio,raw,Edema,0.8515844012815378
MedSigLIP,LR,NegBio,raw,Enlarged_Cardiomediastinum,0.7291330891330892
MedSigLIP,LR,NegBio,raw,Fracture,0.7736098632325047
MedSigLIP,LR,NegBio,raw,Lung_Lesion,0.7305114005784364
MedSigLIP,LR,NegBio,raw,Lung_Opacity,0.7370958288561101
MedSigLIP,LR,NegBio,raw,Pleural_Effusion,0.9088517425360427
MedSigLIP,LR,NegBio,raw,Pneumonia,0.7344293915040183
MedSigLIP,LR,NegBio,raw,Pneumothorax,0.9079170914033299
MedSigLIP,LR,NegBio,raw,Pleural_Other,0.8161049749834797
MedSigLIP,LR,NegBio,raw,Support_Devices,0.8703742824339838
MedSigLIP,LR,NegBio,raw,No_Finding,0.7969646957520092
EVA-X,LR,NegBio,l2,Atelectasis,0.7749156155622667
EVA-X,LR,NegBio,l2,Cardiomegaly,0.8400519218288022
EVA-X,LR,NegBio,l2,Consolidation,0.7763033734371314
EVA-X,LR,NegBio,l2,Edema,0.8584551461754104
EVA-X,LR,NegBio,l2,Enlarged_Cardiomediastinum,0.6823931623931624
EVA-X,LR,NegBio,l2,Fracture,0.7087950484176899
EVA-X,LR,NegBio,l2,Lung_Lesion,0.6915454117436047
EVA-X,LR,NegBio,l2,Lung_Opacity,0.7051870665233956
EVA-X,LR,NegBio,l2,Pleural_Effusion,0.8996707912362356
EVA-X,LR,NegBio,l2,Pneumonia,0.7115499425947187
EVA-X,LR,NegBio,l2,Pneumothorax,0.893102276588515
EVA-X,LR,NegBio,l2,Pleural_Other,0.7994902293967715
EVA-X,LR,NegBio,l2,Support_Devices,0.809304247990815
EVA-X,LR,NegBio,l2,No_Finding,0.7803017877644745
MedSigLIP,LR,10pct,raw,Atelectasis,0.7780727966589861
MedSigLIP,LR,10pct,raw,Cardiomegaly,0.8153364190562203
MedSigLIP,LR,10pct,raw,Consolidation,0.7214630144660759
MedSigLIP,LR,10pct,raw,Edema,0.844307074811392
MedSigLIP,LR,10pct,raw,Enlarged_Cardiomediastinum,0.5795848595848596
MedSigLIP,LR,10pct,raw,Fracture,0.7292207033531954
MedSigLIP,LR,10pct,raw,Lung_Lesion,0.6991033755274262
MedSigLIP,LR,10pct,raw,Lung_Opacity,0.7151178377324462
MedSigLIP,LR,10pct,raw,Pleural_Effusion,0.9113500235547479
MedSigLIP,LR,10pct,raw,Pneumonia,0.7072414008923222
MedSigLIP,LR,10pct,raw,Pneumothorax,0.8970438328236494
MedSigLIP,LR,10pct,raw,Pleural_Other,0.7587201763485477
MedSigLIP,LR,10pct,raw,Support_Devices,0.8566639181609779
MedSigLIP,LR,10pct,raw,No_Finding,0.7973387533875339
EVA-X,i2,5pct,raw,Atelectasis,0.7286146313364055
EVA-X,i2,5pct,raw,Cardiomegaly,0.828918773989614
EVA-X,i2,5pct,raw,Consolidation,0.7097180815942695
EVA-X,i2,5pct,raw,Edema,0.8217360603545457
EVA-X,i2,5pct,raw,Enlarged_Cardiomediastinum,0.6547985347985348
EVA-X,i2,5pct,raw,Fracture,0.5950695174669938
EVA-X,i2,5pct,raw,Lung_Lesion,0.6551731715893108
EVA-X,i2,5pct,raw,Lung_Opacity,0.6989739465282347
EVA-X,i2,5pct,raw,Pleural_Effusion,0.8890739619086077
EVA-X,i2,5pct,raw,Pneumonia,0.6345949232406141
EVA-X,i2,5pct,raw,Pneumothorax,0.8759089364593953
EVA-X,i2,5pct,raw,Pleural_Other,0.66701244813278
EVA-X,i2,5pct,raw,Support_Devices,0.7738644292018158
EVA-X,i2,5pct,raw,No_Finding,0.7800325203252033
Early_Fusion,s2,10pct,raw,Atelectasis,0.7793508784562213
Early_Fusion,s2,10pct,raw,Cardiomegaly,0.8307814969519078
Early_Fusion,s2,10pct,raw,Consolidation,0.7901518637827889
Early_Fusion,s2,10pct,raw,Edema,0.8746330042243227
Early_Fusion,s2,10pct,raw,Enlarged_Cardiomediastinum,0.6163614163614164
Early_Fusion,s2,10pct,raw,Fracture,0.7578455427035868
Early_Fusion,s2,10pct,raw,Lung_Lesion,0.7666578762306611
Early_Fusion,s2,10pct,raw,Lung_Opacity,0.7432526626209451
Early_Fusion,s2,10pct,raw,Pleural_Effusion,0.9250846849272045
Early_Fusion,s2,10pct,raw,Pneumonia,0.7395009075221516
Early_Fusion,s2,10pct,raw,Pneumothorax,0.9005096839959226
Early_Fusion,s2,10pct,raw,Pleural_Other,0.8286760892116183
Early_Fusion,s2,10pct,raw,Support_Devices,0.8719135942299502
Early_Fusion,s2,10pct,raw,No_Finding,0.8025636856368564
CXR_Foundation,i4,1pct,raw,Atelectasis,0.6012105106890328
CXR_Foundation,i4,1pct,raw,Cardiomegaly,0.6953731879559639
CXR_Foundation,i4,1pct,raw,Consolidation,0.5930923178945114
CXR_Foundation,i4,1pct,raw,Edema,0.6752070626634629
CXR_Foundation,i4,1pct,raw,Enlarged_Cardiomediastinum,0.6524257588341735
CXR_Foundation,i4,1pct,raw,Fracture,0.7045567813611271
CXR_Foundation,i4,1pct,raw,Lung_Lesion,0.5760650026554599
CXR_Foundation,i4,1pct,raw,Lung_Opacity,0.5343151890831485
CXR_Foundation,i4,1pct,raw,Pleural_Effusion,0.7072347237345336
CXR_Foundation,i4,1pct,raw,Pneumonia,0.6343521991731841
CXR_Foundation,i4,1pct,raw,Pneumothorax,0.5859205380794914
CXR_Foundation,i4,1pct,raw,Pleural_Other,0.5907659053591486
CXR_Foundation,i4,1pct,raw,Support_Devices,0.6386572687995962
CXR_Foundation,i4,1pct,raw,No_Finding,0.7674105691056909
CheXagent,s2,CheXpert,raw,Atelectasis,0.7854712701612903
CheXagent,s2,CheXpert,raw,Cardiomegaly,0.8469462632648453
CheXagent,s2,CheXpert,raw,Consolidation,0.8217451329558415
CheXagent,s2,CheXpert,raw,Edema,0.8832426941516048
CheXagent,s2,CheXpert,raw,Enlarged_Cardiomediastinum,0.7398290598290599
CheXagent,s2,CheXpert,raw,Fracture,0.8014955018109593
CheXagent,s2,CheXpert,raw,Lung_Lesion,0.7974244022503517
CheXagent,s2,CheXpert,raw,Lung_Opacity,0.7644658916429041
CheXagent,s2,CheXpert,raw,Pleural_Effusion,0.9239966799021917
CheXagent,s2,CheXpert,raw,Pneumonia,0.7861198286884293
CheXagent,s2,CheXpert,raw,Pneumothorax,0.9489636425416242
CheXagent,s2,CheXpert,raw,Pleural_Other,0.8472510373443983
CheXagent,s2,CheXpert,raw,Support_Devices,0.9182606489493763
CheXagent,s2,CheXpert,raw,No_Finding,0.831691056910569
CheXagent,XGB,5pct,raw,Atelectasis,0.7816910282258065
CheXagent,XGB,5pct,raw,Cardiomegaly,0.8494228381124407
CheXagent,XGB,5pct,raw,Consolidation,0.7650013005462295
CheXagent,XGB,5pct,raw,Edema,0.8462519975719436
CheXagent,XGB,5pct,raw,Enlarged_Cardiomediastinum,0.6709645909645909
CheXagent,XGB,5pct,raw,Fracture,0.6879775674728357
CheXagent,XGB,5pct,raw,Lung_Lesion,0.7460223277074542
CheXagent,XGB,5pct,raw,Lung_Opacity,0.7376349589334892
CheXagent,XGB,5pct,raw,Pleural_Effusion,0.92272360185746
CheXagent,XGB,5pct,raw,Pneumonia,0.7224859848180039
CheXagent,XGB,5pct,raw,Pneumothorax,0.8986068637444784
CheXagent,XGB,5pct,raw,Pleural_Other,0.8275414937759336
CheXagent,XGB,5pct,raw,Support_Devices,0.8536601940867863
CheXagent,XGB,5pct,raw,No_Finding,0.8117452574525744
CXR_Foundation,s4,5pct,raw,Atelectasis,0.670305131924554
CXR_Foundation,s4,5pct,raw,Cardiomegaly,0.7401783116189273
CXR_Foundation,s4,5pct,raw,Consolidation,0.6675613169536025
CXR_Foundation,s4,5pct,raw,Edema,0.7741912129772486
CXR_Foundation,s4,5pct,raw,Enlarged_Cardiomediastinum,0.7032759676712419
CXR_Foundation,s4,5pct,raw,Fracture,0.7068112034244273
CXR_Foundation,s4,5pct,raw,Lung_Lesion,0.6035442567335214
CXR_Foundation,s4,5pct,raw,Lung_Opacity,0.6846895151612791
CXR_Foundation,s4,5pct,raw,Pleural_Effusion,0.7535038851938753
CXR_Foundation,s4,5pct,raw,Pneumonia,0.7004663428626903
CXR_Foundation,s4,5pct,raw,Pneumothorax,0.7705177880745367
CXR_Foundation,s4,5pct,raw,Pleural_Other,0.7247838588455289
CXR_Foundation,s4,5pct,raw,Support_Devices,0.8400997273760472
CXR_Foundation,s4,5pct,raw,No_Finding,0.7800867208672086
CXR_Foundation,s2,10pct,raw,Atelectasis,0.7842021889400922
CXR_Foundation,s2,10pct,raw,Cardiomegaly,0.8037014563106796
CXR_Foundation,s2,10pct,raw,Consolidation,0.794553712559275
CXR_Foundation,s2,10pct,raw,Edema,0.8630501839624394
CXR_Foundation,s2,10pct,raw,Enlarged_Cardiomediastinum,0.665006105006105
CXR_Foundation,s2,10pct,raw,Fracture,0.6799859796705222
CXR_Foundation,s2,10pct,raw,Lung_Lesion,0.7082454289732771
CXR_Foundation,s2,10pct,raw,Lung_Opacity,0.7291657527235504
CXR_Foundation,s2,10pct,raw,Pleural_Effusion,0.9026515916279696
CXR_Foundation,s2,10pct,raw,Pneumonia,0.7086898598928856
CXR_Foundation,s2,10pct,raw,Pneumothorax,0.871899422358138
CXR_Foundation,s2,10pct,raw,Pleural_Other,0.798333765560166
CXR_Foundation,s2,10pct,raw,Support_Devices,0.8391218071273887
CXR_Foundation,s2,10pct,raw,No_Finding,0.7954471544715448
CheXagent,s2,10pct,raw,Atelectasis,0.7683521745391705
CheXagent,s2,10pct,raw,Cardiomegaly,0.844011063445473
CheXagent,s2,10pct,raw,Consolidation,0.8127613597711039
CheXagent,s2,10pct,raw,Edema,0.882697620256928
CheXagent,s2,10pct,raw,Enlarged_Cardiomediastinum,0.6442979242979243
CheXagent,s2,10pct,raw,Fracture,0.7758149316508938
CheXagent,s2,10pct,raw,Lung_Lesion,0.7864583333333334
CheXagent,s2,10pct,raw,Lung_Opacity,0.7539518900343644
CheXagent,s2,10pct,raw,Pleural_Effusion,0.9277233775265271
CheXagent,s2,10pct,raw,Pneumonia,0.7667981009093103
CheXagent,s2,10pct,raw,Pneumothorax,0.9328576282704722
CheXagent,s2,10pct,raw,Pleural_Other,0.8650803941908713
CheXagent,s2,10pct,raw,Support_Devices,0.8958255937225339
CheXagent,s2,10pct,raw,No_Finding,0.8201463414634145
Early_Fusion,LR,5pct,raw,Atelectasis,0.7905565956221198
Early_Fusion,LR,5pct,raw,Cardiomegaly,0.7962152856175209
Early_Fusion,LR,5pct,raw,Consolidation,0.7762060065227395
Early_Fusion,LR,5pct,raw,Edema,0.8632236165652912
Early_Fusion,LR,5pct,raw,Enlarged_Cardiomediastinum,0.5531623931623931
Early_Fusion,LR,5pct,raw,Fracture,0.5734081084238813
Early_Fusion,LR,5pct,raw,Lung_Lesion,0.7020701476793249
Early_Fusion,LR,5pct,raw,Lung_Opacity,0.7126611586361532
Early_Fusion,LR,5pct,raw,Pleural_Effusion,0.9069082710814994
Early_Fusion,LR,5pct,raw,Pneumonia,0.704120955267652
Early_Fusion,LR,5pct,raw,Pneumothorax,0.909208290859667
Early_Fusion,LR,5pct,raw,Pleural_Other,0.6876945020746889
Early_Fusion,LR,5pct,raw,Support_Devices,0.8035664126564157
Early_Fusion,LR,5pct,raw,No_Finding,0.7888238482384825
CXR_Foundation,LR,5pct,pca95,Atelectasis,0.7186599942396312
CXR_Foundation,LR,5pct,pca95,Cardiomegaly,0.7204504402799728
CXR_Foundation,LR,5pct,pca95,Consolidation,0.6857079973588908
CXR_Foundation,LR,5pct,pca95,Edema,0.8217112842684241
CXR_Foundation,LR,5pct,pca95,Enlarged_Cardiomediastinum,0.6899633699633699
CXR_Foundation,LR,5pct,pca95,Fracture,0.6582077345484285
CXR_Foundation,LR,5pct,pca95,Lung_Lesion,0.6696114627285514
CXR_Foundation,LR,5pct,pca95,Lung_Opacity,0.6455606736370061
CXR_Foundation,LR,5pct,pca95,Pleural_Effusion,0.8646835812190143
CXR_Foundation,LR,5pct,pca95,Pneumonia,0.6275314503366326
CXR_Foundation,LR,5pct,pca95,Pneumothorax,0.7865443425076453
CXR_Foundation,LR,5pct,pca95,Pleural_Other,0.7376491182572614
CXR_Foundation,LR,5pct,pca95,Support_Devices,0.8141677917417975
CXR_Foundation,LR,5pct,pca95,No_Finding,0.6763929539295394
CheXagent,s2,5pct,raw,Atelectasis,0.7688652073732719
CheXagent,s2,5pct,raw,Cardiomegaly,0.8411605328516595
CheXagent,s2,5pct,raw,Consolidation,0.8145821244922867
CheXagent,s2,5pct,raw,Edema,0.861712275311869
CheXagent,s2,5pct,raw,Enlarged_Cardiomediastinum,0.6021001221001221
CheXagent,s2,5pct,raw,Fracture,0.7695758850332982
CheXagent,s2,5pct,raw,Lung_Lesion,0.7926116385372713
CheXagent,s2,5pct,raw,Lung_Opacity,0.7488679291267579
CheXagent,s2,5pct,raw,Pleural_Effusion,0.924809879534289
CheXagent,s2,5pct,raw,Pneumonia,0.7645896479886984
CheXagent,s2,5pct,raw,Pneumothorax,0.9325178389398573
CheXagent,s2,5pct,raw,Pleural_Other,0.8419670643153527
CheXagent,s2,5pct,raw,Support_Devices,0.8839466125422468
CheXagent,s2,5pct,raw,No_Finding,0.8029376693766939
CheXagent,XGB,CheXpert,raw,Atelectasis,0.7877394153225805
CheXagent,XGB,CheXpert,raw,Cardiomegaly,0.8468404267328968
CheXagent,XGB,CheXpert,raw,Consolidation,0.8212449228676044
CheXagent,XGB,CheXpert,raw,Edema,0.8843823941132019
CheXagent,XGB,CheXpert,raw,Enlarged_Cardiomediastinum,0.5903540903540904
CheXagent,XGB,CheXpert,raw,Fracture,0.7394555438719477
CheXagent,XGB,CheXpert,raw,Lung_Lesion,0.7738660337552742
CheXagent,XGB,CheXpert,raw,Lung_Opacity,0.7631303161024592
CheXagent,XGB,CheXpert,raw,Pleural_Effusion,0.9286235053951588
CheXagent,XGB,CheXpert,raw,Pneumonia,0.7675402126194755
CheXagent,XGB,CheXpert,raw,Pneumothorax,0.9248386000679578
CheXagent,XGB,CheXpert,raw,Pleural_Other,0.8582728215767634
CheXagent,XGB,CheXpert,raw,Support_Devices,0.8699654775604143
CheXagent,XGB,CheXpert,raw,No_Finding,0.8237994579945799
MedSigLIP,i4,CheXpert,raw,Atelectasis,0.7277440836943239
MedSigLIP,i4,CheXpert,raw,Cardiomegaly,0.7281308021756114
MedSigLIP,i4,CheXpert,raw,Consolidation,0.6202312329027851
MedSigLIP,i4,CheXpert,raw,Edema,0.7661493443287375
MedSigLIP,i4,CheXpert,raw,Enlarged_Cardiomediastinum,0.7024401174166589
MedSigLIP,i4,CheXpert,raw,Fracture,0.6761956983903653
MedSigLIP,i4,CheXpert,raw,Lung_Lesion,0.6301744301458296
MedSigLIP,i4,CheXpert,raw,Lung_Opacity,0.6725242256192792
MedSigLIP,i4,CheXpert,raw,Pleural_Effusion,0.7834976010817389
MedSigLIP,i4,CheXpert,raw,Pneumonia,0.7091541547710796
MedSigLIP,i4,CheXpert,raw,Pneumothorax,0.7408226289767291
MedSigLIP,i4,CheXpert,raw,Pleural_Other,0.7057748601848689
MedSigLIP,i4,CheXpert,raw,Support_Devices,0.6108165022561658
MedSigLIP,i4,CheXpert,raw,No_Finding,0.8165149051490515
CheXFound,s4,5pct,raw,Atelectasis,0.6259600741741455
CheXFound,s4,5pct,raw,Cardiomegaly,0.7235852628060208
CheXFound,s4,5pct,raw,Consolidation,0.5832832430037347
CheXFound,s4,5pct,raw,Edema,0.7628101898087075
CheXFound,s4,5pct,raw,Enlarged_Cardiomediastinum,0.6602044823471833
CheXFound,s4,5pct,raw,Fracture,0.5072957931719145
CheXFound,s4,5pct,raw,Lung_Lesion,0.6369279346342902
CheXFound,s4,5pct,raw,Lung_Opacity,0.6314816123951349
CheXFound,s4,5pct,raw,Pleural_Effusion,0.7202791158380333
CheXFound,s4,5pct,raw,Pneumonia,0.656244596506068
CheXFound,s4,5pct,raw,Pneumothorax,0.7630869644839521
CheXFound,s4,5pct,raw,Pleural_Other,0.7165228477548237
CheXFound,s4,5pct,raw,Support_Devices,0.7774733029005337
CheXFound,s4,5pct,raw,No_Finding,0.7683279132791327
BioViL-T,LR,CheXpert,l2,Atelectasis,0.6492205501152074
BioViL-T,LR,CheXpert,l2,Cardiomegaly,0.7434875254007677
BioViL-T,LR,CheXpert,l2,Consolidation,0.571440004802017
BioViL-T,LR,CheXpert,l2,Edema,0.7750826901874311
BioViL-T,LR,CheXpert,l2,Enlarged_Cardiomediastinum,0.5994139194139194
BioViL-T,LR,CheXpert,l2,Fracture,0.5361140320130857
BioViL-T,LR,CheXpert,l2,Lung_Lesion,0.5605880801687764
BioViL-T,LR,CheXpert,l2,Lung_Opacity,0.557705149764812
BioViL-T,LR,CheXpert,l2,Pleural_Effusion,0.768653117078314
BioViL-T,LR,CheXpert,l2,Pneumonia,0.5242080416297846
BioViL-T,LR,CheXpert,l2,Pneumothorax,0.6967040434930343
BioViL-T,LR,CheXpert,l2,Pleural_Other,0.534913122406639
BioViL-T,LR,CheXpert,l2,Support_Devices,0.6756068609950798
BioViL-T,LR,CheXpert,l2,No_Finding,0.6724715447154471
EVA-X,s2,NegBio,raw,Atelectasis,0.7830609344466156
EVA-X,s2,NegBio,raw,Cardiomegaly,0.8510051841702524
EVA-X,s2,NegBio,raw,Consolidation,0.7811001022253676
EVA-X,s2,NegBio,raw,Edema,0.8863386063275931
EVA-X,s2,NegBio,raw,Enlarged_Cardiomediastinum,0.6617826617826617
EVA-X,s2,NegBio,raw,Fracture,0.7433862433862434
EVA-X,s2,NegBio,raw,Lung_Lesion,0.7206241732618882
EVA-X,s2,NegBio,raw,Lung_Opacity,0.7132851421314839
EVA-X,s2,NegBio,raw,Pleural_Effusion,0.9069644681575662
EVA-X,s2,NegBio,raw,Pneumonia,0.7162709529276693
EVA-X,s2,NegBio,raw,Pneumothorax,0.9165477404009513
EVA-X,s2,NegBio,raw,Pleural_Other,0.8002454451052582
EVA-X,s2,NegBio,raw,Support_Devices,0.83100803673938
EVA-X,s2,NegBio,raw,No_Finding,0.7907577497129736
Early_Fusion,i4,NegBio,raw,Atelectasis,0.7190554405797631
Early_Fusion,i4,NegBio,raw,Cardiomegaly,0.7606593330396343
Early_Fusion,i4,NegBio,raw,Consolidation,0.6634071043216561
Early_Fusion,i4,NegBio,raw,Edema,0.7785376070256014
Early_Fusion,i4,NegBio,raw,Enlarged_Cardiomediastinum,0.7111266604588791
Early_Fusion,i4,NegBio,raw,Fracture,0.5913051063897689
Early_Fusion,i4,NegBio,raw,Lung_Lesion,0.6500936792909804
Early_Fusion,i4,NegBio,raw,Lung_Opacity,0.644140128636359
Early_Fusion,i4,NegBio,raw,Pleural_Effusion,0.7857871675011205
Early_Fusion,i4,NegBio,raw,Pneumonia,0.7299129088071321
Early_Fusion,i4,NegBio,raw,Pneumothorax,0.7539408570883229
Early_Fusion,i4,NegBio,raw,Pleural_Other,0.6355574316311238
Early_Fusion,i4,NegBio,raw,Support_Devices,0.8469724301442039
Early_Fusion,i4,NegBio,raw,No_Finding,0.8281941938658357
BioViL-T,XGB,10pct,pca95,Atelectasis,0.5290448588709677
BioViL-T,XGB,10pct,pca95,Cardiomegaly,0.6527891454052834
BioViL-T,XGB,10pct,pca95,Consolidation,0.3883731167090178
BioViL-T,XGB,10pct,pca95,Edema,0.6279746788399836
BioViL-T,XGB,10pct,pca95,Enlarged_Cardiomediastinum,0.5905006105006105
BioViL-T,XGB,10pct,pca95,Fracture,0.49350391400864585
BioViL-T,XGB,10pct,pca95,Lung_Lesion,0.5600826300984529
BioViL-T,XGB,10pct,pca95,Lung_Opacity,0.548146523360386
BioViL-T,XGB,10pct,pca95,Pleural_Effusion,0.6810070215582027
BioViL-T,XGB,10pct,pca95,Pneumonia,0.4837674239782553
BioViL-T,XGB,10pct,pca95,Pneumothorax,0.4491335372069317
BioViL-T,XGB,10pct,pca95,Pleural_Other,0.37219592842323657
BioViL-T,XGB,10pct,pca95,Support_Devices,0.6104491541549251
BioViL-T,XGB,10pct,pca95,No_Finding,0.6175447154471544
CheXagent,LR,1pct,l2,Atelectasis,0.7283446140552996
CheXagent,LR,1pct,l2,Cardiomegaly,0.8124647211560172
CheXagent,LR,1pct,l2,Consolidation,0.7005742411812962
CheXagent,LR,1pct,l2,Edema,0.780967010641329
CheXagent,LR,1pct,l2,Enlarged_Cardiomediastinum,0.5922344322344322
CheXagent,LR,1pct,l2,Fracture,0.706577871246641
CheXagent,LR,1pct,l2,Lung_Lesion,0.6805116033755274
CheXagent,LR,1pct,l2,Lung_Opacity,0.6933196851161316
CheXagent,LR,1pct,l2,Pleural_Effusion,0.8836227202368935
CheXagent,LR,1pct,l2,Pneumonia,0.6590220219414715
CheXagent,LR,1pct,l2,Pneumothorax,0.8610261637784573
CheXagent,LR,1pct,l2,Pleural_Other,0.5261605290456433
CheXagent,LR,1pct,l2,Support_Devices,0.7999510705580675
CheXagent,LR,1pct,l2,No_Finding,0.743051490514905
CheXFound,s2,CheXpert,raw,Atelectasis,0.7670110887096775
CheXFound,s2,CheXpert,raw,Cardiomegaly,0.8379078234364415
CheXFound,s2,CheXpert,raw,Consolidation,0.8044178554993097
CheXFound,s2,CheXpert,raw,Edema,0.8685380870383905
CheXFound,s2,CheXpert,raw,Enlarged_Cardiomediastinum,0.7266422466422466
CheXFound,s2,CheXpert,raw,Fracture,0.681037504381353
CheXFound,s2,CheXpert,raw,Lung_Lesion,0.7600430731364276
CheXFound,s2,CheXpert,raw,Lung_Opacity,0.7250517901099169
CheXFound,s2,CheXpert,raw,Pleural_Effusion,0.912550194046257
CheXFound,s2,CheXpert,raw,Pneumonia,0.6985506468889425
CheXFound,s2,CheXpert,raw,Pneumothorax,0.8952769283044513
CheXFound,s2,CheXpert,raw,Pleural_Other,0.8123379149377594
CheXFound,s2,CheXpert,raw,Support_Devices,0.8049436858367387
CheXFound,s2,CheXpert,raw,No_Finding,0.7960542005420054
CheXagent,i4,NegBio,raw,Atelectasis,0.6825693928951369
CheXagent,i4,NegBio,raw,Cardiomegaly,0.7575642998502821
CheXagent,i4,NegBio,raw,Consolidation,0.6935474915572971
CheXagent,i4,NegBio,raw,Edema,0.7776958345111971
CheXagent,i4,NegBio,raw,Enlarged_Cardiomediastinum,0.6857820263431718
CheXagent,i4,NegBio,raw,Fracture,0.5926468784592105
CheXagent,i4,NegBio,raw,Lung_Lesion,0.661695534719756
CheXagent,i4,NegBio,raw,Lung_Opacity,0.6736710254637831
CheXagent,i4,NegBio,raw,Pleural_Effusion,0.8007457286361785
CheXagent,i4,NegBio,raw,Pneumonia,0.7477063128791616
CheXagent,i4,NegBio,raw,Pneumothorax,0.7097336043616684
CheXagent,i4,NegBio,raw,Pleural_Other,0.7348913469012298
CheXagent,i4,NegBio,raw,Support_Devices,0.8762946018955645
CheXagent,i4,NegBio,raw,No_Finding,0.8225074831884533
EVA-X,XGB,1pct,pca95,Atelectasis,0.6328665034562211
EVA-X,XGB,1pct,pca95,Cardiomegaly,0.7444541657258975
EVA-X,XGB,1pct,pca95,Consolidation,0.5769123031673302
EVA-X,XGB,1pct,pca95,Edema,0.704730993644934
EVA-X,XGB,1pct,pca95,Enlarged_Cardiomediastinum,0.4071794871794872
EVA-X,XGB,1pct,pca95,Fracture,0.5739455543871949
EVA-X,XGB,1pct,pca95,Lung_Lesion,0.6270218002812938
EVA-X,XGB,1pct,pca95,Lung_Opacity,0.635602349443104
EVA-X,XGB,1pct,pca95,Pleural_Effusion,0.8211914215851224
EVA-X,XGB,1pct,pca95,Pneumonia,0.5293491769712901
EVA-X,XGB,1pct,pca95,Pneumothorax,0.7418960244648318
EVA-X,XGB,1pct,pca95,Pleural_Other,0.516111255186722
EVA-X,XGB,1pct,pca95,Support_Devices,0.719471199586818
EVA-X,XGB,1pct,pca95,No_Finding,0.7268238482384823
EVA-X,LR,1pct,raw,Atelectasis,0.6887060771889402
EVA-X,LR,1pct,raw,Cardiomegaly,0.7898792052382028
EVA-X,LR,1pct,raw,Consolidation,0.6316452910222294
EVA-X,LR,1pct,raw,Edema,0.7780310444359104
EVA-X,LR,1pct,raw,Enlarged_Cardiomediastinum,0.5528205128205128
EVA-X,LR,1pct,raw,Fracture,0.6973945554387194
EVA-X,LR,1pct,raw,Lung_Lesion,0.5976617440225037
EVA-X,LR,1pct,raw,Lung_Opacity,0.6169237893300188
EVA-X,LR,1pct,raw,Pleural_Effusion,0.8477858536913655
EVA-X,LR,1pct,raw,Pneumonia,0.5928489042675894
EVA-X,LR,1pct,raw,Pneumothorax,0.8684335711858648
EVA-X,LR,1pct,raw,Pleural_Other,0.46268801867219916
EVA-X,LR,1pct,raw,Support_Devices,0.749626233429682
EVA-X,LR,1pct,raw,No_Finding,0.7350623306233062
BioViL-T,LR,5pct,pca95,Atelectasis,0.48322292626728114
BioViL-T,LR,5pct,pca95,Cardiomegaly,0.5198761006999323
BioViL-T,LR,5pct,pca95,Consolidation,0.601892794973889
BioViL-T,LR,5pct,pca95,Edema,0.4921397866778984
BioViL-T,LR,5pct,pca95,Enlarged_Cardiomediastinum,0.4919169719169719
BioViL-T,LR,5pct,pca95,Fracture,0.575931767729875
BioViL-T,LR,5pct,pca95,Lung_Lesion,0.4157436708860759
BioViL-T,LR,5pct,pca95,Lung_Opacity,0.5626087592308255
BioViL-T,LR,5pct,pca95,Pleural_Effusion,0.44032236355070997
BioViL-T,LR,5pct,pca95,Pneumonia,0.524762390136173
BioViL-T,LR,5pct,pca95,Pneumothorax,0.5927285083248386
BioViL-T,LR,5pct,pca95,Pleural_Other,0.5400674273858921
BioViL-T,LR,5pct,pca95,Support_Devices,0.5852233085363754
BioViL-T,LR,5pct,pca95,No_Finding,0.6418807588075881
CheXFound,XGB,1pct,pca95,Atelectasis,0.6921172955069125
CheXFound,XGB,1pct,pca95,Cardiomegaly,0.676570614134116
CheXFound,XGB,1pct,pca95,Consolidation,0.5870465595550132
CheXFound,XGB,1pct,pca95,Edema,0.6363551899706402
CheXFound,XGB,1pct,pca95,Enlarged_Cardiomediastinum,0.501050061050061
CheXFound,XGB,1pct,pca95,Fracture,0.506881645051992
CheXFound,XGB,1pct,pca95,Lung_Lesion,0.48052918424753865
CheXFound,XGB,1pct,pca95,Lung_Opacity,0.5923423752772293
CheXFound,XGB,1pct,pca95,Pleural_Effusion,0.7897794826928686
CheXFound,XGB,1pct,pca95,Pneumonia,0.5685916865606251
CheXFound,XGB,1pct,pca95,Pneumothorax,0.5688752973156643
CheXFound,XGB,1pct,pca95,Pleural_Other,0.54930627593361
CheXFound,XGB,1pct,pca95,Support_Devices,0.6055471489539066
CheXFound,XGB,1pct,pca95,No_Finding,0.6971111111111111
BioViL-T,LR,5pct,raw,Atelectasis,0.5996453773041475
BioViL-T,LR,5pct,raw,Cardiomegaly,0.6659587378640776
BioViL-T,LR,5pct,raw,Consolidation,0.548090197883111
BioViL-T,LR,5pct,raw,Edema,0.7195223170595741
BioViL-T,LR,5pct,raw,Enlarged_Cardiomediastinum,0.6756043956043956
BioViL-T,LR,5pct,raw,Fracture,0.5583596214511042
BioViL-T,LR,5pct,raw,Lung_Lesion,0.5881021448663853
BioViL-T,LR,5pct,raw,Lung_Opacity,0.5344446881626088
BioViL-T,LR,5pct,raw,Pleural_Effusion,0.724959059604729
BioViL-T,LR,5pct,raw,Pneumonia,0.5114133204581423
BioViL-T,LR,5pct,raw,Pneumothorax,0.65497791369351
BioViL-T,LR,5pct,raw,Pleural_Other,0.5251880186721992
BioViL-T,LR,5pct,raw,Support_Devices,0.6562163043773728
BioViL-T,LR,5pct,raw,No_Finding,0.6646178861788617
BioViL-T,i4,NegBio,raw,Atelectasis,0.6085713288240705
BioViL-T,i4,NegBio,raw,Cardiomegaly,0.6930627588929322
BioViL-T,i4,NegBio,raw,Consolidation,0.5852139011976998
BioViL-T,i4,NegBio,raw,Edema,0.6881536631814127
BioViL-T,i4,NegBio,raw,Enlarged_Cardiomediastinum,0.6252358464813453
BioViL-T,i4,NegBio,raw,Fracture,0.4692583243494196
BioViL-T,i4,NegBio,raw,Lung_Lesion,0.5575873912745591
BioViL-T,i4,NegBio,raw,Lung_Opacity,0.5814467037428396
BioViL-T,i4,NegBio,raw,Pleural_Effusion,0.6372181620017957
BioViL-T,i4,NegBio,raw,Pneumonia,0.5798152307861214
BioViL-T,i4,NegBio,raw,Pneumothorax,0.6654719578575745
BioViL-T,i4,NegBio,raw,Pleural_Other,0.5253954901124307
BioViL-T,i4,NegBio,raw,Support_Devices,0.6982101971563844
BioViL-T,i4,NegBio,raw,No_Finding,0.7077046088240119
Early_Fusion,s2,1pct,raw,Atelectasis,0.7680821572580645
Early_Fusion,s2,1pct,raw,Cardiomegaly,0.8035673967035449
Early_Fusion,s2,1pct,raw,Consolidation,0.720602653114308
Early_Fusion,s2,1pct,raw,Edema,0.8506002006862976
Early_Fusion,s2,1pct,raw,Enlarged_Cardiomediastinum,0.6148473748473748
Early_Fusion,s2,1pct,raw,Fracture,0.6358920434630213
Early_Fusion,s2,1pct,raw,Lung_Lesion,0.6753252461322081
Early_Fusion,s2,1pct,raw,Lung_Opacity,0.7240915405425167
Early_Fusion,s2,1pct,raw,Pleural_Effusion,0.8973069071494268
Early_Fusion,s2,1pct,raw,Pneumonia,0.7011078029022827
Early_Fusion,s2,1pct,raw,Pneumothorax,0.8831804281345565
Early_Fusion,s2,1pct,raw,Pleural_Other,0.5720630186721991
Early_Fusion,s2,1pct,raw,Support_Devices,0.8053876752172376
Early_Fusion,s2,1pct,raw,No_Finding,0.7818590785907861
CXR_Foundation,s2,1pct,raw,Atelectasis,0.7757056451612904
CXR_Foundation,s2,1pct,raw,Cardiomegaly,0.791001072476857
CXR_Foundation,s2,1pct,raw,Consolidation,0.6863482662718341
CXR_Foundation,s2,1pct,raw,Edema,0.8037486218302095
CXR_Foundation,s2,1pct,raw,Enlarged_Cardiomediastinum,0.6241758241758242
CXR_Foundation,s2,1pct,raw,Fracture,0.6425049655333567
CXR_Foundation,s2,1pct,raw,Lung_Lesion,0.6343837904360057
CXR_Foundation,s2,1pct,raw,Lung_Opacity,0.7169554726913798
CXR_Foundation,s2,1pct,raw,Pleural_Effusion,0.8576171568297553
CXR_Foundation,s2,1pct,raw,Pneumonia,0.6883488461504074
CXR_Foundation,s2,1pct,raw,Pneumothorax,0.8229697587495753
CXR_Foundation,s2,1pct,raw,Pleural_Other,0.6262642634854771
CXR_Foundation,s2,1pct,raw,Support_Devices,0.7909444288393755
CXR_Foundation,s2,1pct,raw,No_Finding,0.7626124661246613
Early_Fusion,LR,5pct,l2,Atelectasis,0.7702602966589861
Early_Fusion,LR,5pct,l2,Cardiomegaly,0.8102562655226913
Early_Fusion,LR,5pct,l2,Consolidation,0.7235438884331419
Early_Fusion,LR,5pct,l2,Edema,0.8105744335567311
Early_Fusion,LR,5pct,l2,Enlarged_Cardiomediastinum,0.4782417582417582
Early_Fusion,LR,5pct,l2,Fracture,0.7319313003855591
Early_Fusion,LR,5pct,l2,Lung_Lesion,0.7844365330520394
Early_Fusion,LR,5pct,l2,Lung_Opacity,0.7230581755258219
Early_Fusion,LR,5pct,l2,Pleural_Effusion,0.918007043991296
Early_Fusion,LR,5pct,l2,Pneumonia,0.7212342301261591
Early_Fusion,LR,5pct,l2,Pneumothorax,0.9357118586476385
Early_Fusion,LR,5pct,l2,Pleural_Other,0.7287344398340249
Early_Fusion,LR,5pct,l2,Support_Devices,0.8569357483939364
Early_Fusion,LR,5pct,l2,No_Finding,0.802070460704607
EVA-X,XGB,5pct,pca95,Atelectasis,0.7169588853686636
EVA-X,XGB,5pct,pca95,Cardiomegaly,0.788665613005193
EVA-X,XGB,5pct,pca95,Consolidation,0.7062766361871986
EVA-X,XGB,5pct,pca95,Edema,0.8006887751941826
EVA-X,XGB,5pct,pca95,Enlarged_Cardiomediastinum,0.581929181929182
EVA-X,XGB,5pct,pca95,Fracture,0.5735483117186587
EVA-X,XGB,5pct,pca95,Lung_Lesion,0.658623417721519
EVA-X,XGB,5pct,pca95,Lung_Opacity,0.6787502132533938
EVA-X,XGB,5pct,pca95,Pleural_Effusion,0.844252641496736
EVA-X,XGB,5pct,pca95,Pneumonia,0.590586804717327
EVA-X,XGB,5pct,pca95,Pneumothorax,0.6810057764186205
EVA-X,XGB,5pct,pca95,Pleural_Other,0.6521330394190872
EVA-X,XGB,5pct,pca95,Support_Devices,0.7497077824995696
EVA-X,XGB,5pct,pca95,No_Finding,0.7567642276422765
BioViL-T,i2,1pct,raw,Atelectasis,0.6116341445852534
BioViL-T,i2,1pct,raw,Cardiomegaly,0.6779323775118538
BioViL-T,i2,1pct,raw,Consolidation,0.543288181036035
BioViL-T,i2,1pct,raw,Edema,0.5680661025977727
BioViL-T,i2,1pct,raw,Enlarged_Cardiomediastinum,0.5808547008547008
BioViL-T,i2,1pct,raw,Fracture,0.5280289753475873
BioViL-T,i2,1pct,raw,Lung_Lesion,0.5734880450070323
BioViL-T,i2,1pct,raw,Lung_Opacity,0.5167507494333552
BioViL-T,i2,1pct,raw,Pleural_Effusion,0.722166139488974
BioViL-T,i2,1pct,raw,Pneumonia,0.5296442334343678
BioViL-T,i2,1pct,raw,Pneumothorax,0.6861705742439687
BioViL-T,i2,1pct,raw,Pleural_Other,0.44881353734439833
BioViL-T,i2,1pct,raw,Support_Devices,0.6445185433523917
BioViL-T,i2,1pct,raw,No_Finding,0.6928130081300813
Early_Fusion,LR,CheXpert,raw,Atelectasis,0.7839321716589861
Early_Fusion,LR,CheXpert,raw,Cardiomegaly,0.8376961503725446
Early_Fusion,LR,CheXpert,raw,Consolidation,0.7893515276416095
Early_Fusion,LR,CheXpert,raw,Edema,0.8736791249086381
Early_Fusion,LR,CheXpert,raw,Enlarged_Cardiomediastinum,0.7104761904761905
Early_Fusion,LR,CheXpert,raw,Fracture,0.7718425049655334
Early_Fusion,LR,CheXpert,raw,Lung_Lesion,0.8183676160337553
Early_Fusion,LR,CheXpert,raw,Lung_Opacity,0.7618239867417318
Early_Fusion,LR,CheXpert,raw,Pleural_Effusion,0.9197960831819099
Early_Fusion,LR,CheXpert,raw,Pneumonia,0.7869200575807159
Early_Fusion,LR,CheXpert,raw,Pneumothorax,0.9062861026163779
Early_Fusion,LR,CheXpert,raw,Pleural_Other,0.8326957987551867
Early_Fusion,LR,CheXpert,raw,Support_Devices,0.9041345378432989
Early_Fusion,LR,CheXpert,raw,No_Finding,0.8261734417344173
CheXagent,XGB,NegBio,pca95,Atelectasis,0.7640788772428496
CheXagent,XGB,NegBio,pca95,Cardiomegaly,0.844314639872439
CheXagent,XGB,NegBio,pca95,Consolidation,0.8186679248250374
CheXagent,XGB,NegBio,pca95,Edema,0.8726346615939127
CheXagent,XGB,NegBio,pca95,Enlarged_Cardiomediastinum,0.6728449328449327
CheXagent,XGB,NegBio,pca95,Fracture,0.8169611660177698
CheXagent,XGB,NegBio,pca95,Lung_Lesion,0.7681321884178195
CheXagent,XGB,NegBio,pca95,Lung_Opacity,0.7539708899091531
CheXagent,XGB,NegBio,pca95,Pleural_Effusion,0.9192984447723919
CheXagent,XGB,NegBio,pca95,Pneumonia,0.7795912743972445
CheXagent,XGB,NegBio,pca95,Pneumothorax,0.909819911654774
CheXagent,XGB,NegBio,pca95,Pleural_Other,0.8328455898549356
CheXagent,XGB,NegBio,pca95,Support_Devices,0.8851067738231917
CheXagent,XGB,NegBio,pca95,No_Finding,0.8282146957520092
CXR_Foundation,i2,1pct,raw,Atelectasis,0.7570654521889402
CXR_Foundation,i2,1pct,raw,Cardiomegaly,0.7874379092345902
CXR_Foundation,i2,1pct,raw,Consolidation,0.689369535204786
CXR_Foundation,i2,1pct,raw,Edema,0.8601327998216122
CXR_Foundation,i2,1pct,raw,Enlarged_Cardiomediastinum,0.5986813186813186
CXR_Foundation,i2,1pct,raw,Fracture,0.6665030961560929
CXR_Foundation,i2,1pct,raw,Lung_Lesion,0.677632735583685
CXR_Foundation,i2,1pct,raw,Lung_Opacity,0.713285077136799
CXR_Foundation,i2,1pct,raw,Pleural_Effusion,0.8912135181820221
CXR_Foundation,i2,1pct,raw,Pneumonia,0.6798279731409207
CXR_Foundation,i2,1pct,raw,Pneumothorax,0.8421338769962623
CXR_Foundation,i2,1pct,raw,Pleural_Other,0.6019190871369295
CXR_Foundation,i2,1pct,raw,Support_Devices,0.8123374681732102
CXR_Foundation,i2,1pct,raw,No_Finding,0.7770189701897019
Early_Fusion,i4,5pct,raw,Atelectasis,0.6515449769386057
Early_Fusion,i4,5pct,raw,Cardiomegaly,0.700885497330654
Early_Fusion,i4,5pct,raw,Consolidation,0.6364508682246606
Early_Fusion,i4,5pct,raw,Edema,0.7583258424689755
Early_Fusion,i4,5pct,raw,Enlarged_Cardiomediastinum,0.6346899013123305
Early_Fusion,i4,5pct,raw,Fracture,0.6778176025471647
Early_Fusion,i4,5pct,raw,Lung_Lesion,0.6114599694702632
Early_Fusion,i4,5pct,raw,Lung_Opacity,0.6583012056245428
Early_Fusion,i4,5pct,raw,Pleural_Effusion,0.7719370197660378
Early_Fusion,i4,5pct,raw,Pneumonia,0.7058273947608413
Early_Fusion,i4,5pct,raw,Pneumothorax,0.7320893885555306
Early_Fusion,i4,5pct,raw,Pleural_Other,0.701104752105111
Early_Fusion,i4,5pct,raw,Support_Devices,0.746712501763996
Early_Fusion,i4,5pct,raw,No_Finding,0.7835352303523035
CheXFound,XGB,NegBio,l2,Atelectasis,0.7317107834428851
CheXFound,XGB,NegBio,l2,Cardiomegaly,0.8244112721649319
CheXFound,XGB,NegBio,l2,Consolidation,0.6979830148619958
CheXFound,XGB,NegBio,l2,Edema,0.8416349619543452
CheXFound,XGB,NegBio,l2,Enlarged_Cardiomediastinum,0.6442246642246643
CheXFound,XGB,NegBio,l2,Fracture,0.6044723969252271
CheXFound,XGB,NegBio,l2,Lung_Lesion,0.6876219088402125
CheXFound,XGB,NegBio,l2,Lung_Opacity,0.6474650776594706
CheXFound,XGB,NegBio,l2,Pleural_Effusion,0.9044102622318084
CheXFound,XGB,NegBio,l2,Pneumonia,0.672385763490241
CheXFound,XGB,NegBio,l2,Pneumothorax,0.8271831464492014
CheXFound,XGB,NegBio,l2,Pleural_Other,0.7391516410207999
CheXFound,XGB,NegBio,l2,Support_Devices,0.7921285878300804
CheXFound,XGB,NegBio,l2,No_Finding,0.7777441774643268
EVA-X,LR,10pct,l2,Atelectasis,0.7527361751152073
EVA-X,LR,10pct,l2,Cardiomegaly,0.8193088168886882
EVA-X,LR,10pct,l2,Consolidation,0.738190039816723
EVA-X,LR,10pct,l2,Edema,0.8476890105670007
EVA-X,LR,10pct,l2,Enlarged_Cardiomediastinum,0.5984371184371183
EVA-X,LR,10pct,l2,Fracture,0.6210772286482065
EVA-X,LR,10pct,l2,Lung_Lesion,0.6772591420534457
EVA-X,LR,10pct,l2,Lung_Opacity,0.6973897784601886
EVA-X,LR,10pct,l2,Pleural_Effusion,0.8959777463714472
EVA-X,LR,10pct,l2,Pneumonia,0.6602201300036659
EVA-X,LR,10pct,l2,Pneumothorax,0.9007135575942916
EVA-X,LR,10pct,l2,Pleural_Other,0.7627723029045643
EVA-X,LR,10pct,l2,Support_Devices,0.7830975961146398
EVA-X,LR,10pct,l2,No_Finding,0.7646991869918699
EVA-X,LR,5pct,raw,Atelectasis,0.7331599222350231
EVA-X,LR,5pct,raw,Cardiomegaly,0.8155763151953037
EVA-X,LR,5pct,raw,Consolidation,0.7409912163108506
EVA-X,LR,5pct,raw,Edema,0.8191841234840133
EVA-X,LR,5pct,raw,Enlarged_Cardiomediastinum,0.61997557997558
EVA-X,LR,5pct,raw,Fracture,0.6161701133309966
EVA-X,LR,5pct,raw,Lung_Lesion,0.6643591772151899
EVA-X,LR,5pct,raw,Lung_Opacity,0.6907655187541126
EVA-X,LR,5pct,raw,Pleural_Effusion,0.8872400565313951
EVA-X,LR,5pct,raw,Pneumonia,0.6255197017247391
EVA-X,LR,5pct,raw,Pneumothorax,0.890995582738702
EVA-X,LR,5pct,raw,Pleural_Other,0.7385567946058091
EVA-X,LR,5pct,raw,Support_Devices,0.7718075804390965
EVA-X,LR,5pct,raw,No_Finding,0.7546016260162602
BioViL-T,LR,1pct,l2,Atelectasis,0.5911308323732718
BioViL-T,LR,1pct,l2,Cardiomegaly,0.6596932151727251
BioViL-T,LR,1pct,l2,Consolidation,0.49448768482762756
BioViL-T,LR,1pct,l2,Edema,0.6791992368965474
BioViL-T,LR,1pct,l2,Enlarged_Cardiomediastinum,0.4765323565323565
BioViL-T,LR,1pct,l2,Fracture,0.4961794602173151
BioViL-T,LR,1pct,l2,Lung_Lesion,0.5665436005625879
BioViL-T,LR,1pct,l2,Lung_Opacity,0.5180180838877921
BioViL-T,LR,1pct,l2,Pleural_Effusion,0.7365345357471342
BioViL-T,LR,1pct,l2,Pneumonia,0.4703915309853991
BioViL-T,LR,1pct,l2,Pneumothorax,0.637037037037037
BioViL-T,LR,1pct,l2,Pleural_Other,0.531736255186722
BioViL-T,LR,1pct,l2,Support_Devices,0.6345967398494061
BioViL-T,LR,1pct,l2,No_Finding,0.6664878048780489
MedSigLIP,LR,NegBio,l2,Atelectasis,0.7993604547877066
MedSigLIP,LR,NegBio,l2,Cardiomegaly,0.8332492007403669
MedSigLIP,LR,NegBio,l2,Consolidation,0.7981638751277815
MedSigLIP,LR,NegBio,l2,Edema,0.8543001601922307
MedSigLIP,LR,NegBio,l2,Enlarged_Cardiomediastinum,0.7186813186813187
MedSigLIP,LR,NegBio,l2,Fracture,0.7600828591394628
MedSigLIP,LR,NegBio,l2,Lung_Lesion,0.7312961011591149
MedSigLIP,LR,NegBio,l2,Lung_Opacity,0.7513040929959949
MedSigLIP,LR,NegBio,l2,Pleural_Effusion,0.9125042570098763
MedSigLIP,LR,NegBio,l2,Pneumonia,0.730443168771527
MedSigLIP,LR,NegBio,l2,Pneumothorax,0.9084607543323139
MedSigLIP,LR,NegBio,l2,Pleural_Other,0.8355832467982001
MedSigLIP,LR,NegBio,l2,Support_Devices,0.8897175660160734
MedSigLIP,LR,NegBio,l2,No_Finding,0.7988098655076268
CXR_Foundation,LR,NegBio,l2,Atelectasis,0.7865073725350862
CXR_Foundation,LR,NegBio,l2,Cardiomegaly,0.8304848441143242
CXR_Foundation,LR,NegBio,l2,Consolidation,0.8241527089722419
CXR_Foundation,LR,NegBio,l2,Edema,0.8705821986383661
CXR_Foundation,LR,NegBio,l2,Enlarged_Cardiomediastinum,0.6275946275946275
CXR_Foundation,LR,NegBio,l2,Fracture,0.7014575222122392
CXR_Foundation,LR,NegBio,l2,Lung_Lesion,0.7417438288904333
CXR_Foundation,LR,NegBio,l2,Lung_Opacity,0.7452622838722281
CXR_Foundation,LR,NegBio,l2,Pleural_Effusion,0.9122091043251219
CXR_Foundation,LR,NegBio,l2,Pneumonia,0.7192468427095293
CXR_Foundation,LR,NegBio,l2,Pneumothorax,0.8619096160380564
CXR_Foundation,LR,NegBio,l2,Pleural_Other,0.8491771295509614
CXR_Foundation,LR,NegBio,l2,Support_Devices,0.8635683122847302
CXR_Foundation,LR,NegBio,l2,No_Finding,0.8093017057569296
MedSigLIP,LR,10pct,pca95,Atelectasis,0.7632758496543779
MedSigLIP,LR,10pct,pca95,Cardiomegaly,0.8071235041770152
MedSigLIP,LR,10pct,pca95,Consolidation,0.7485744012485244
MedSigLIP,LR,10pct,pca95,Edema,0.8319685839227978
MedSigLIP,LR,10pct,pca95,Enlarged_Cardiomediastinum,0.6162637362637362
MedSigLIP,LR,10pct,pca95,Fracture,0.6969038439069984
MedSigLIP,LR,10pct,pca95,Lung_Lesion,0.7042238045007032
MedSigLIP,LR,10pct,pca95,Lung_Opacity,0.696010333650167
MedSigLIP,LR,10pct,pca95,Pleural_Effusion,0.8796240213563049
MedSigLIP,LR,10pct,pca95,Pneumonia,0.7153062775497796
MedSigLIP,LR,10pct,pca95,Pneumothorax,0.8899082568807339
MedSigLIP,LR,10pct,pca95,Pleural_Other,0.7550894709543569
MedSigLIP,LR,10pct,pca95,Support_Devices,0.8616565334396491
MedSigLIP,LR,10pct,pca95,No_Finding,0.7100704607046071
MedSigLIP,XGB,1pct,raw,Atelectasis,0.7702602966589862
MedSigLIP,XGB,1pct,raw,Cardiomegaly,0.8045904831790472
MedSigLIP,XGB,1pct,raw,Consolidation,0.6964224974489286
MedSigLIP,XGB,1pct,raw,Edema,0.8291069459757442
MedSigLIP,XGB,1pct,raw,Enlarged_Cardiomediastinum,0.5728205128205128
MedSigLIP,XGB,1pct,raw,Fracture,0.5951980371538731
MedSigLIP,XGB,1pct,raw,Lung_Lesion,0.624318741209564
MedSigLIP,XGB,1pct,raw,Lung_Opacity,0.7039847919865467
MedSigLIP,XGB,1pct,raw,Pleural_Effusion,0.8896235726944388
MedSigLIP,XGB,1pct,raw,Pneumonia,0.6329944654560411
MedSigLIP,XGB,1pct,raw,Pneumothorax,0.7611620795107034
MedSigLIP,XGB,1pct,raw,Pleural_Other,0.5157546680497925
MedSigLIP,XGB,1pct,raw,Support_Devices,0.8055417123492475
MedSigLIP,XGB,1pct,raw,No_Finding,0.773360433604336
CXR_Foundation,i4,CheXpert,raw,Atelectasis,0.6066287114482966
CXR_Foundation,i4,CheXpert,raw,Cardiomegaly,0.7596544339159539
CXR_Foundation,i4,CheXpert,raw,Consolidation,0.6600112989190418
CXR_Foundation,i4,CheXpert,raw,Edema,0.7798104250313123
CXR_Foundation,i4,CheXpert,raw,Enlarged_Cardiomediastinum,0.6974253299867592
CXR_Foundation,i4,CheXpert,raw,Fracture,0.6826943950629818
CXR_Foundation,i4,CheXpert,raw,Lung_Lesion,0.6407406515786338
CXR_Foundation,i4,CheXpert,raw,Lung_Opacity,0.7154973231166328
CXR_Foundation,i4,CheXpert,raw,Pleural_Effusion,0.7583449304964822
CXR_Foundation,i4,CheXpert,raw,Pneumonia,0.7114016072609376
CXR_Foundation,i4,CheXpert,raw,Pneumothorax,0.7166030467892444
CXR_Foundation,i4,CheXpert,raw,Pleural_Other,0.6767926247005823
CXR_Foundation,i4,CheXpert,raw,Support_Devices,0.7803213181195703
CXR_Foundation,i4,CheXpert,raw,No_Finding,0.7969891598915989
BioViL-T,LR,NegBio,pca95,Atelectasis,0.5011192041215136
BioViL-T,LR,NegBio,pca95,Cardiomegaly,0.5278799387835227
BioViL-T,LR,NegBio,pca95,Consolidation,0.6259927655893686
BioViL-T,LR,NegBio,pca95,Edema,0.4978599319183019
BioViL-T,LR,NegBio,pca95,Enlarged_Cardiomediastinum,0.5517460317460318
BioViL-T,LR,NegBio,pca95,Fracture,0.5884246780473195
BioViL-T,LR,NegBio,pca95,Lung_Lesion,0.5976728022778737
BioViL-T,LR,NegBio,pca95,Lung_Opacity,0.5693611409592654
BioViL-T,LR,NegBio,pca95,Pleural_Effusion,0.6214042456578499
BioViL-T,LR,NegBio,pca95,Pneumonia,0.5902181400688863
BioViL-T,LR,NegBio,pca95,Pneumothorax,0.5929323819232076
BioViL-T,LR,NegBio,pca95,Pleural_Other,0.5858428521979924
BioViL-T,LR,NegBio,pca95,Support_Devices,0.580601607347876
BioViL-T,LR,NegBio,pca95,No_Finding,0.6347947761194029
CheXagent,LR,CheXpert,l2,Atelectasis,0.790745607718894
CheXagent,LR,CheXpert,l2,Cardiomegaly,0.8271971664032514
CheXagent,LR,CheXpert,l2,Consolidation,0.8201044438664239
CheXagent,LR,CheXpert,l2,Edema,0.8619228720439033
CheXagent,LR,CheXpert,l2,Enlarged_Cardiomediastinum,0.7321611721611722
CheXagent,LR,CheXpert,l2,Fracture,0.8005374459633134
CheXagent,LR,CheXpert,l2,Lung_Lesion,0.799600035161744
CheXagent,LR,CheXpert,l2,Lung_Opacity,0.7601715775876776
CheXagent,LR,CheXpert,l2,Pleural_Effusion,0.9197456087219865
CheXagent,LR,CheXpert,l2,Pneumonia,0.7819175093658074
CheXagent,LR,CheXpert,l2,Pneumothorax,0.8893645939517499
CheXagent,LR,CheXpert,l2,Pleural_Other,0.8009595435684648
CheXagent,LR,CheXpert,l2,Support_Devices,0.8979549305473755
CheXagent,LR,CheXpert,l2,No_Finding,0.8162601626016259
Early_Fusion,LR,1pct,pca95,Atelectasis,0.7056271601382489
Early_Fusion,LR,1pct,pca95,Cardiomegaly,0.6903364190562203
Early_Fusion,LR,1pct,pca95,Consolidation,0.6689809720082435
Early_Fusion,LR,1pct,pca95,Edema,0.7432578075641392
Early_Fusion,LR,1pct,pca95,Enlarged_Cardiomediastinum,0.5634188034188033
Early_Fusion,LR,1pct,pca95,Fracture,0.6830003505082369
Early_Fusion,LR,1pct,pca95,Lung_Lesion,0.7234748593530239
Early_Fusion,LR,1pct,pca95,Lung_Opacity,0.6325607467524554
Early_Fusion,LR,1pct,pca95,Pleural_Effusion,0.7350203019494359
Early_Fusion,LR,1pct,pca95,Pneumonia,0.6841554679327272
Early_Fusion,LR,1pct,pca95,Pneumothorax,0.7209650016989466
Early_Fusion,LR,1pct,pca95,Pleural_Other,0.485088174273859
Early_Fusion,LR,1pct,pca95,Support_Devices,0.8164783487219448
Early_Fusion,LR,1pct,pca95,No_Finding,0.6388834688346884
BioViL-T,i4,CheXpert,raw,Atelectasis,0.6081318180597793
BioViL-T,i4,CheXpert,raw,Cardiomegaly,0.6880062472239702
BioViL-T,i4,CheXpert,raw,Consolidation,0.5696232797542418
BioViL-T,i4,CheXpert,raw,Edema,0.6931350595848834
BioViL-T,i4,CheXpert,raw,Enlarged_Cardiomediastinum,0.6021376569243583
BioViL-T,i4,CheXpert,raw,Fracture,0.6797743233337865
BioViL-T,i4,CheXpert,raw,Lung_Lesion,0.5492755702739023
BioViL-T,i4,CheXpert,raw,Lung_Opacity,0.5820834059206085
BioViL-T,i4,CheXpert,raw,Pleural_Effusion,0.6462325937551898
BioViL-T,i4,CheXpert,raw,Pneumonia,0.579867698507359
BioViL-T,i4,CheXpert,raw,Pneumothorax,0.6507675031291913
BioViL-T,i4,CheXpert,raw,Pleural_Other,0.555425843125783
BioViL-T,i4,CheXpert,raw,Support_Devices,0.6381121031812065
BioViL-T,i4,CheXpert,raw,No_Finding,0.7005420054200542
BioViL-T,XGB,10pct,l2,Atelectasis,0.6010584677419355
BioViL-T,XGB,10pct,l2,Cardiomegaly,0.7220944344095732
BioViL-T,XGB,10pct,l2,Consolidation,0.5564537105584345
BioViL-T,XGB,10pct,l2,Edema,0.7109497912614744
BioViL-T,XGB,10pct,l2,Enlarged_Cardiomediastinum,0.595018315018315
BioViL-T,XGB,10pct,l2,Fracture,0.5524009814230635
BioViL-T,XGB,10pct,l2,Lung_Lesion,0.550259317862166
BioViL-T,XGB,10pct,l2,Lung_Opacity,0.5492651897345908
BioViL-T,XGB,10pct,l2,Pleural_Effusion,0.7312178926352154
BioViL-T,XGB,10pct,l2,Pneumonia,0.5367255885482328
BioViL-T,XGB,10pct,l2,Pneumothorax,0.7011213047910296
BioViL-T,XGB,10pct,l2,Pleural_Other,0.5437305497925311
BioViL-T,XGB,10pct,l2,Support_Devices,0.6858593912814983
BioViL-T,XGB,10pct,l2,No_Finding,0.6896205962059619
CheXFound,LR,10pct,l2,Atelectasis,0.7242043490783411
CheXFound,LR,10pct,l2,Cardiomegaly,0.8095577444118311
CheXFound,LR,10pct,l2,Consolidation,0.7091578462954441
CheXFound,LR,10pct,l2,Edema,0.8387572315201368
CheXFound,LR,10pct,l2,Enlarged_Cardiomediastinum,0.4480586080586081
CheXFound,LR,10pct,l2,Fracture,0.6503096156093001
CheXFound,LR,10pct,l2,Lung_Lesion,0.7287710970464135
CheXFound,LR,10pct,l2,Lung_Opacity,0.6723842948014916
CheXFound,LR,10pct,l2,Pleural_Effusion,0.8693777059918791
CheXFound,LR,10pct,l2,Pneumonia,0.6309737757392059
CheXFound,LR,10pct,l2,Pneumothorax,0.7677879714576963
CheXFound,LR,10pct,l2,Pleural_Other,0.6447419605809128
CheXFound,LR,10pct,l2,Support_Devices,0.7808323441733189
CheXFound,LR,10pct,l2,No_Finding,0.7622222222222221
CheXagent,i2,CheXpert,raw,Atelectasis,0.789530529953917
CheXagent,i2,CheXpert,raw,Cardiomegaly,0.8532964551817566
CheXagent,i2,CheXpert,raw,Consolidation,0.7931331159086817
CheXagent,i2,CheXpert,raw,Edema,0.8828834409028407
CheXagent,i2,CheXpert,raw,Enlarged_Cardiomediastinum,0.7549206349206349
CheXagent,i2,CheXpert,raw,Fracture,0.8140904311251315
CheXagent,i2,CheXpert,raw,Lung_Lesion,0.7887658227848101
CheXagent,i2,CheXpert,raw,Lung_Opacity,0.7698666861641197
CheXagent,i2,CheXpert,raw,Pleural_Effusion,0.9269522399443659
CheXagent,i2,CheXpert,raw,Pneumonia,0.7840812567617105
CheXagent,i2,CheXpert,raw,Pneumothorax,0.9235474006116209
CheXagent,i2,CheXpert,raw,Pleural_Other,0.8408648858921162
CheXagent,i2,CheXpert,raw,Support_Devices,0.9195110680209854
CheXagent,i2,CheXpert,raw,No_Finding,0.8285745257452575
EVA-X,s2,10pct,raw,Atelectasis,0.7625018001152073
EVA-X,s2,10pct,raw,Cardiomegaly,0.8304428200496727
EVA-X,s2,10pct,raw,Consolidation,0.7613997879109226
EVA-X,s2,10pct,raw,Edema,0.8694052500526491
EVA-X,s2,10pct,raw,Enlarged_Cardiomediastinum,0.6389255189255189
EVA-X,s2,10pct,raw,Fracture,0.6264984227129338
EVA-X,s2,10pct,raw,Lung_Lesion,0.6922028832630099
EVA-X,s2,10pct,raw,Lung_Opacity,0.7149277375642806
EVA-X,s2,10pct,raw,Pleural_Effusion,0.9010308006371
EVA-X,s2,10pct,raw,Pneumonia,0.6965925449066996
EVA-X,s2,10pct,raw,Pneumothorax,0.9034998301053347
EVA-X,s2,10pct,raw,Pleural_Other,0.7395617219917012
EVA-X,s2,10pct,raw,Support_Devices,0.7908810017850185
EVA-X,s2,10pct,raw,No_Finding,0.7863035230352304
CheXFound,LR,5pct,pca95,Atelectasis,0.7379032258064517
CheXFound,LR,5pct,pca95,Cardiomegaly,0.7712801986904493
CheXFound,LR,5pct,pca95,Consolidation,0.6554152744152544
CheXFound,LR,5pct,pca95,Edema,0.8044919044138598
CheXFound,LR,5pct,pca95,Enlarged_Cardiomediastinum,0.6824420024420025
CheXFound,LR,5pct,pca95,Fracture,0.6265217899287301
CheXFound,LR,5pct,pca95,Lung_Lesion,0.7312763713080169
CheXFound,LR,5pct,pca95,Lung_Opacity,0.6559625648899613
CheXFound,LR,5pct,pca95,Pleural_Effusion,0.8823496421921619
CheXFound,LR,5pct,pca95,Pneumonia,0.5800720653058306
CheXFound,LR,5pct,pca95,Pneumothorax,0.7798844716275909
CheXFound,LR,5pct,pca95,Pleural_Other,0.6321641597510373
CheXFound,LR,5pct,pca95,Support_Devices,0.7390339153520655
CheXFound,LR,5pct,pca95,No_Finding,0.7361734417344172
MedSigLIP,i4,10pct,raw,Atelectasis,0.6810783708885038
MedSigLIP,i4,10pct,raw,Cardiomegaly,0.6946675962050789
MedSigLIP,i4,10pct,raw,Consolidation,0.6123792842612807
MedSigLIP,i4,10pct,raw,Edema,0.7501967092640203
MedSigLIP,i4,10pct,raw,Enlarged_Cardiomediastinum,0.6632355383427302
MedSigLIP,i4,10pct,raw,Fracture,0.628869254689887
MedSigLIP,i4,10pct,raw,Lung_Lesion,0.6004095204106934
MedSigLIP,i4,10pct,raw,Lung_Opacity,0.6577483235085246
MedSigLIP,i4,10pct,raw,Pleural_Effusion,0.8061715614362142
MedSigLIP,i4,10pct,raw,Pneumonia,0.6872040831288572
MedSigLIP,i4,10pct,raw,Pneumothorax,0.6797311667671054
MedSigLIP,i4,10pct,raw,Pleural_Other,0.6966100595533836
MedSigLIP,i4,10pct,raw,Support_Devices,0.6484553398857599
MedSigLIP,i4,10pct,raw,No_Finding,0.7899728997289972
CheXagent,LR,NegBio,pca95,Atelectasis,0.7875111032154912
CheXagent,LR,NegBio,pca95,Cardiomegaly,0.8464299736384543
CheXagent,LR,NegBio,pca95,Consolidation,0.8140481245576787
CheXagent,LR,NegBio,pca95,Edema,0.8787169603524229
CheXagent,LR,NegBio,pca95,Enlarged_Cardiomediastinum,0.7626373626373626
CheXagent,LR,NegBio,pca95,Fracture,0.8448387740840572
CheXagent,LR,NegBio,pca95,Lung_Lesion,0.8172096047351075
CheXagent,LR,NegBio,pca95,Lung_Opacity,0.7611604962391325
CheXagent,LR,NegBio,pca95,Pleural_Effusion,0.9117493472584856
CheXagent,LR,NegBio,pca95,Pneumonia,0.7947646383467277
CheXagent,LR,NegBio,pca95,Pneumothorax,0.9062861026163778
CheXagent,LR,NegBio,pca95,Pleural_Other,0.8585229239434847
CheXagent,LR,NegBio,pca95,Support_Devices,0.9077566016073478
CheXagent,LR,NegBio,pca95,No_Finding,0.8063443086763984
CXR_Foundation,LR,1pct,pca95,Atelectasis,0.6145053283410139
CXR_Foundation,LR,1pct,pca95,Cardiomegaly,0.6897437344773086
CXR_Foundation,LR,1pct,pca95,Consolidation,0.6976930310730507
CXR_Foundation,LR,1pct,pca95,Edema,0.8213644190627206
CXR_Foundation,LR,1pct,pca95,Enlarged_Cardiomediastinum,0.5315750915750916
CXR_Foundation,LR,1pct,pca95,Fracture,0.5044748218249795
CXR_Foundation,LR,1pct,pca95,Lung_Lesion,0.5965849156118145
CXR_Foundation,LR,1pct,pca95,Lung_Opacity,0.5585679120664864
CXR_Foundation,LR,1pct,pca95,Pleural_Effusion,0.6829306593086121
CXR_Foundation,LR,1pct,pca95,Pneumonia,0.6504475023023345
CXR_Foundation,LR,1pct,pca95,Pneumothorax,0.7218484539585457
CXR_Foundation,LR,1pct,pca95,Pleural_Other,0.5657417012448133
CXR_Foundation,LR,1pct,pca95,Support_Devices,0.7114250246912461
CXR_Foundation,LR,1pct,pca95,No_Finding,0.6611869918699187
EVA-X,i4,10pct,raw,Atelectasis,0.6192346497489736
EVA-X,i4,10pct,raw,Cardiomegaly,0.721111245791461
EVA-X,i4,10pct,raw,Consolidation,0.542263960511219
EVA-X,i4,10pct,raw,Edema,0.7469066937709304
EVA-X,i4,10pct,raw,Enlarged_Cardiomediastinum,0.6340231172048088
EVA-X,i4,10pct,raw,Fracture,0.5715381913477817
EVA-X,i4,10pct,raw,Lung_Lesion,0.5999787531032229
EVA-X,i4,10pct,raw,Lung_Opacity,0.6685637588376245
EVA-X,i4,10pct,raw,Pleural_Effusion,0.7373262155501586
EVA-X,i4,10pct,raw,Pneumonia,0.6476984981127196
EVA-X,i4,10pct,raw,Pneumothorax,0.6263106760447763
EVA-X,i4,10pct,raw,Pleural_Other,0.6929837185025397
EVA-X,i4,10pct,raw,Support_Devices,0.5890246535560639
EVA-X,i4,10pct,raw,No_Finding,0.7805799457994582
EVA-X,LR,5pct,l2,Atelectasis,0.7409454205069125
EVA-X,LR,5pct,l2,Cardiomegaly,0.815343474825017
EVA-X,LR,5pct,l2,Consolidation,0.7362692330778927
EVA-X,LR,5pct,l2,Edema,0.8318447034921894
EVA-X,LR,5pct,l2,Enlarged_Cardiomediastinum,0.6490354090354089
EVA-X,LR,5pct,l2,Fracture,0.6616660824862718
EVA-X,LR,5pct,l2,Lung_Lesion,0.6431302742616033
EVA-X,LR,5pct,l2,Lung_Opacity,0.6855402013112037
EVA-X,LR,5pct,l2,Pleural_Effusion,0.8870269421450524
EVA-X,LR,5pct,l2,Pneumonia,0.6518512557781891
EVA-X,LR,5pct,l2,Pneumothorax,0.9066258919469928
EVA-X,LR,5pct,l2,Pleural_Other,0.7277295124481328
EVA-X,LR,5pct,l2,Support_Devices,0.7739822223027645
EVA-X,LR,5pct,l2,No_Finding,0.7597344173441735
BioViL-T,s2,1pct,raw,Atelectasis,0.6284742223502304
BioViL-T,s2,1pct,raw,Cardiomegaly,0.6910208286294874
BioViL-T,s2,1pct,raw,Consolidation,0.4862842393805399
BioViL-T,s2,1pct,raw,Edema,0.7169951562751631
BioViL-T,s2,1pct,raw,Enlarged_Cardiomediastinum,0.577045177045177
BioViL-T,s2,1pct,raw,Fracture,0.5467227479845777
BioViL-T,s2,1pct,raw,Lung_Lesion,0.5680819268635725
BioViL-T,s2,1pct,raw,Lung_Opacity,0.5475762228558895
BioViL-T,s2,1pct,raw,Pleural_Effusion,0.7232597527873119
BioViL-T,s2,1pct,raw,Pneumonia,0.4794488702913906
BioViL-T,s2,1pct,raw,Pneumothorax,0.5541284403669725
BioViL-T,s2,1pct,raw,Pleural_Other,0.600103734439834
BioViL-T,s2,1pct,raw,Support_Devices,0.6421445593178874
BioViL-T,s2,1pct,raw,No_Finding,0.682119241192412
CheXFound,XGB,10pct,l2,Atelectasis,0.694844470046083
CheXFound,XGB,10pct,l2,Cardiomegaly,0.8054795100474148
CheXFound,XGB,10pct,l2,Consolidation,0.731927409511995
CheXFound,XGB,10pct,l2,Edema,0.8305563470138622
CheXFound,XGB,10pct,l2,Enlarged_Cardiomediastinum,0.6223687423687424
CheXFound,XGB,10pct,l2,Fracture,0.5917396892160299
CheXFound,XGB,10pct,l2,Lung_Lesion,0.6493604957805907
CheXFound,XGB,10pct,l2,Lung_Opacity,0.6402866125612342
CheXFound,XGB,10pct,l2,Pleural_Effusion,0.8813401529936963
CheXFound,XGB,10pct,l2,Pneumonia,0.5578489489731141
CheXFound,XGB,10pct,l2,Pneumothorax,0.8344546381243629
CheXFound,XGB,10pct,l2,Pleural_Other,0.7104026192946058
CheXFound,XGB,10pct,l2,Support_Devices,0.7391517084530141
CheXFound,XGB,10pct,l2,No_Finding,0.7626558265582656
CXR_Foundation,LR,5pct,l2,Atelectasis,0.7769117223502304
CXR_Foundation,LR,5pct,l2,Cardiomegaly,0.7901543802212688
CXR_Foundation,LR,5pct,l2,Consolidation,0.6908101402589087
CXR_Foundation,LR,5pct,l2,Edema,0.8367999207165244
CXR_Foundation,LR,5pct,l2,Enlarged_Cardiomediastinum,0.45904761904761904
CXR_Foundation,LR,5pct,l2,Fracture,0.6266853604393037
CXR_Foundation,LR,5pct,l2,Lung_Lesion,0.675632911392405
CXR_Foundation,LR,5pct,l2,Lung_Opacity,0.7323438375862152
CXR_Foundation,LR,5pct,l2,Pleural_Effusion,0.8884850932095026
CXR_Foundation,LR,5pct,l2,Pneumonia,0.6931770428189515
CXR_Foundation,LR,5pct,l2,Pneumothorax,0.816785592932382
CXR_Foundation,LR,5pct,l2,Pleural_Other,0.7449429460580913
CXR_Foundation,LR,5pct,l2,Support_Devices,0.8186076855467865
CXR_Foundation,LR,5pct,l2,No_Finding,0.7599566395663957
MedSigLIP,i2,1pct,raw,Atelectasis,0.7595766129032259
MedSigLIP,i2,1pct,raw,Cardiomegaly,0.8249322646195529
MedSigLIP,i2,1pct,raw,Consolidation,0.6935512915424478
MedSigLIP,i2,1pct,raw,Edema,0.8394881260607262
MedSigLIP,i2,1pct,raw,Enlarged_Cardiomediastinum,0.6093284493284493
MedSigLIP,i2,1pct,raw,Fracture,0.6238579273279589
MedSigLIP,i2,1pct,raw,Lung_Lesion,0.6364934950773558
MedSigLIP,i2,1pct,raw,Lung_Opacity,0.7231556627915479
MedSigLIP,i2,1pct,raw,Pleural_Effusion,0.8983163963478924
MedSigLIP,i2,1pct,raw,Pneumonia,0.6967356025857676
MedSigLIP,i2,1pct,raw,Pneumothorax,0.8420659191301394
MedSigLIP,i2,1pct,raw,Pleural_Other,0.5119294605809128
MedSigLIP,i2,1pct,raw,Support_Devices,0.8267807145510724
MedSigLIP,i2,1pct,raw,No_Finding,0.7850081300813009
CXR_Foundation,LR,NegBio,pca95,Atelectasis,0.7866317285485878
CXR_Foundation,LR,NegBio,pca95,Cardiomegaly,0.7919601291635618
CXR_Foundation,LR,NegBio,pca95,Consolidation,0.7985963670677046
CXR_Foundation,LR,NegBio,pca95,Edema,0.8574539447336804
CXR_Foundation,LR,NegBio,pca95,Enlarged_Cardiomediastinum,0.6884004884004884
CXR_Foundation,LR,NegBio,pca95,Fracture,0.7185534591194969
CXR_Foundation,LR,NegBio,pca95,Lung_Lesion,0.7008721386453826
CXR_Foundation,LR,NegBio,pca95,Lung_Opacity,0.7383950376086744
CXR_Foundation,LR,NegBio,pca95,Pleural_Effusion,0.8851118174594166
CXR_Foundation,LR,NegBio,pca95,Pneumonia,0.7116417910447761
CXR_Foundation,LR,NegBio,pca95,Pneumothorax,0.8525314305130818
CXR_Foundation,LR,NegBio,pca95,Pleural_Other,0.8189370338903049
CXR_Foundation,LR,NegBio,pca95,Support_Devices,0.8406613088404132
CXR_Foundation,LR,NegBio,pca95,No_Finding,0.776539691651632
CheXFound,LR,10pct,raw,Atelectasis,0.7520791330645161
CheXFound,LR,10pct,raw,Cardiomegaly,0.8257577895687515
CheXFound,LR,10pct,raw,Consolidation,0.7266451909802117
CheXFound,LR,10pct,raw,Edema,0.8329224632384823
CheXFound,LR,10pct,raw,Enlarged_Cardiomediastinum,0.4661294261294261
CheXFound,LR,10pct,raw,Fracture,0.6568057016006543
CheXFound,LR,10pct,raw,Lung_Lesion,0.7103331575246132
CheXFound,LR,10pct,raw,Lung_Opacity,0.6807584509273475
CheXFound,LR,10pct,raw,Pleural_Effusion,0.8923323687103215
CheXFound,LR,10pct,raw,Pneumonia,0.6316622408197206
CheXFound,LR,10pct,raw,Pneumothorax,0.8065239551478084
CheXFound,LR,10pct,raw,Pleural_Other,0.5983207987551867
CheXFound,LR,10pct,raw,Support_Devices,0.7879814793001279
CheXFound,LR,10pct,raw,No_Finding,0.7717289972899728
BioViL-T,s2,10pct,raw,Atelectasis,0.6484645017281105
BioViL-T,s2,10pct,raw,Cardiomegaly,0.7574650033867691
BioViL-T,s2,10pct,raw,Consolidation,0.5823045679185258
BioViL-T,s2,10pct,raw,Edema,0.7608736047966502
BioViL-T,s2,10pct,raw,Enlarged_Cardiomediastinum,0.6064957264957265
BioViL-T,s2,10pct,raw,Fracture,0.5641546909685711
BioViL-T,s2,10pct,raw,Lung_Lesion,0.5747846343178622
BioViL-T,s2,10pct,raw,Lung_Opacity,0.5469523043552436
BioViL-T,s2,10pct,raw,Pleural_Effusion,0.7685353433384929
BioViL-T,s2,10pct,raw,Pneumonia,0.5295011757552999
BioViL-T,s2,10pct,raw,Pneumothorax,0.6815494393476045
BioViL-T,s2,10pct,raw,Pleural_Other,0.5247341804979253
BioViL-T,s2,10pct,raw,Support_Devices,0.670949503003724
BioViL-T,s2,10pct,raw,No_Finding,0.688840108401084
Early_Fusion,LR,10pct,pca95,Atelectasis,0.7616827476958525
Early_Fusion,LR,10pct,pca95,Cardiomegaly,0.7905353917362836
Early_Fusion,LR,10pct,pca95,Consolidation,0.7676824266191801
Early_Fusion,LR,10pct,pca95,Edema,0.846821847552742
Early_Fusion,LR,10pct,pca95,Enlarged_Cardiomediastinum,0.49294261294261293
Early_Fusion,LR,10pct,pca95,Fracture,0.7611169529150601
Early_Fusion,LR,10pct,pca95,Lung_Lesion,0.7915128340365682
Early_Fusion,LR,10pct,pca95,Lung_Opacity,0.7157758767760961
Early_Fusion,LR,10pct,pca95,Pleural_Effusion,0.8936447046683267
Early_Fusion,LR,10pct,pca95,Pneumonia,0.7281278220362473
Early_Fusion,LR,10pct,pca95,Pneumothorax,0.9120625212368332
Early_Fusion,LR,10pct,pca95,Pleural_Other,0.7469528008298756
Early_Fusion,LR,10pct,pca95,Support_Devices,0.8752842891186358
Early_Fusion,LR,10pct,pca95,No_Finding,0.7271056910569106
CheXagent,LR,10pct,pca95,Atelectasis,0.749117943548387
CheXagent,LR,10pct,pca95,Cardiomegaly,0.8164512305260783
CheXagent,LR,10pct,pca95,Consolidation,0.7567178214850236
CheXagent,LR,10pct,pca95,Edema,0.8732455434015088
CheXagent,LR,10pct,pca95,Enlarged_Cardiomediastinum,0.6650549450549451
CheXagent,LR,10pct,pca95,Fracture,0.8240915994859213
CheXagent,LR,10pct,pca95,Lung_Lesion,0.7832498241912799
CheXagent,LR,10pct,pca95,Lung_Opacity,0.734761521776218
CheXagent,LR,10pct,pca95,Pleural_Effusion,0.8869035601319066
CheXagent,LR,10pct,pca95,Pneumonia,0.7448834526970842
CheXagent,LR,10pct,pca95,Pneumothorax,0.909887869520897
CheXagent,LR,10pct,pca95,Pleural_Other,0.8229058609958506
CheXagent,LR,10pct,pca95,Support_Devices,0.9020233230339878
CheXagent,LR,10pct,pca95,No_Finding,0.734720867208672
Early_Fusion,s4,1pct,raw,Atelectasis,0.7130306874880222
Early_Fusion,s4,1pct,raw,Cardiomegaly,0.7334549297117882
Early_Fusion,s4,1pct,raw,Consolidation,0.5777319856099901
Early_Fusion,s4,1pct,raw,Edema,0.7565416595303234
Early_Fusion,s4,1pct,raw,Enlarged_Cardiomediastinum,0.6942447295037668
Early_Fusion,s4,1pct,raw,Fracture,0.613477811879235
Early_Fusion,s4,1pct,raw,Lung_Lesion,0.619269688013138
Early_Fusion,s4,1pct,raw,Lung_Opacity,0.6142995704288802
Early_Fusion,s4,1pct,raw,Pleural_Effusion,0.7414788681675787
Early_Fusion,s4,1pct,raw,Pneumonia,0.688247223136184
Early_Fusion,s4,1pct,raw,Pneumothorax,0.7458816438255678
Early_Fusion,s4,1pct,raw,Pleural_Other,0.7014201170546143
Early_Fusion,s4,1pct,raw,Support_Devices,0.737762335463187
Early_Fusion,s4,1pct,raw,No_Finding,0.7842655826558265
BioViL-T,LR,1pct,pca95,Atelectasis,0.5209263392857142
BioViL-T,LR,1pct,pca95,Cardiomegaly,0.4904817678934297
BioViL-T,LR,1pct,pca95,Consolidation,0.38019968386722425
BioViL-T,LR,1pct,pca95,Edema,0.5317691364295182
BioViL-T,LR,1pct,pca95,Enlarged_Cardiomediastinum,0.50993894993895
BioViL-T,LR,1pct,pca95,Fracture,0.5541067881761887
BioViL-T,LR,1pct,pca95,Lung_Lesion,0.49951652601969054
BioViL-T,LR,1pct,pca95,Lung_Opacity,0.5131437206014965
BioViL-T,LR,1pct,pca95,Pleural_Effusion,0.5479114790138412
BioViL-T,LR,1pct,pca95,Pneumonia,0.4337061774094042
BioViL-T,LR,1pct,pca95,Pneumothorax,0.5384301732925586
BioViL-T,LR,1pct,pca95,Pleural_Other,0.4908584024896266
BioViL-T,LR,1pct,pca95,Support_Devices,0.4402471842918369
BioViL-T,LR,1pct,pca95,No_Finding,0.3614959349593496
Early_Fusion,LR,CheXpert,pca95,Atelectasis,0.7886844758064515
Early_Fusion,LR,CheXpert,pca95,Cardiomegaly,0.8372445811695641
Early_Fusion,LR,CheXpert,pca95,Consolidation,0.8260469397146801
Early_Fusion,LR,CheXpert,pca95,Edema,0.866580776234778
Early_Fusion,LR,CheXpert,pca95,Enlarged_Cardiomediastinum,0.7447130647130646
Early_Fusion,LR,CheXpert,pca95,Fracture,0.8017525411847178
Early_Fusion,LR,CheXpert,pca95,Lung_Lesion,0.8011823136427567
Early_Fusion,LR,CheXpert,pca95,Lung_Opacity,0.7591967049304186
Early_Fusion,LR,CheXpert,pca95,Pleural_Effusion,0.918354756937434
Early_Fusion,LR,CheXpert,pca95,Pneumonia,0.7873000545407401
Early_Fusion,LR,CheXpert,pca95,Pneumothorax,0.9039755351681958
Early_Fusion,LR,CheXpert,pca95,Pleural_Other,0.8585969917012448
Early_Fusion,LR,CheXpert,pca95,Support_Devices,0.9022951532669463
Early_Fusion,LR,CheXpert,pca95,No_Finding,0.8053929539295392
EVA-X,XGB,NegBio,l2,Atelectasis,0.7608012080298455
EVA-X,XGB,NegBio,l2,Cardiomegaly,0.8476879562190012
EVA-X,XGB,NegBio,l2,Consolidation,0.7136313595973893
EVA-X,XGB,NegBio,l2,Edema,0.8666900280336404
EVA-X,XGB,NegBio,l2,Enlarged_Cardiomediastinum,0.6000488400488401
EVA-X,XGB,NegBio,l2,Fracture,0.5663372267145852
EVA-X,XGB,NegBio,l2,Lung_Lesion,0.6787660022868418
EVA-X,XGB,NegBio,l2,Lung_Opacity,0.7002588649018268
EVA-X,XGB,NegBio,l2,Pleural_Effusion,0.906947440118061
EVA-X,XGB,NegBio,l2,Pneumonia,0.6460068886337543
EVA-X,XGB,NegBio,l2,Pneumothorax,0.8313285762827047
EVA-X,XGB,NegBio,l2,Pleural_Other,0.7151578086157526
EVA-X,XGB,NegBio,l2,Support_Devices,0.7910172215843858
EVA-X,XGB,NegBio,l2,No_Finding,0.7739462030506807
EVA-X,s4,1pct,raw,Atelectasis,0.5797298322733673
EVA-X,s4,1pct,raw,Cardiomegaly,0.7021650611326166
EVA-X,s4,1pct,raw,Consolidation,0.5989750973166081
EVA-X,s4,1pct,raw,Edema,0.7117167841526953
EVA-X,s4,1pct,raw,Enlarged_Cardiomediastinum,0.6415399638602379
EVA-X,s4,1pct,raw,Fracture,0.4444328363128308
EVA-X,s4,1pct,raw,Lung_Lesion,0.5360416194870015
EVA-X,s4,1pct,raw,Lung_Opacity,0.573330908898817
EVA-X,s4,1pct,raw,Pleural_Effusion,0.7182516027624885
EVA-X,s4,1pct,raw,Pneumonia,0.6091964588888759
EVA-X,s4,1pct,raw,Pneumothorax,0.6939742562265794
EVA-X,s4,1pct,raw,Pleural_Other,0.5558678064387013
EVA-X,s4,1pct,raw,Support_Devices,0.7026132487176256
EVA-X,s4,1pct,raw,No_Finding,0.7624390243902439
CheXagent,XGB,1pct,pca95,Atelectasis,0.6907222062211982
CheXagent,XGB,1pct,pca95,Cardiomegaly,0.7842980921201175
CheXagent,XGB,1pct,pca95,Consolidation,0.657596190399968
CheXagent,XGB,1pct,pca95,Edema,0.70186316167635
CheXagent,XGB,1pct,pca95,Enlarged_Cardiomediastinum,0.4756532356532357
CheXagent,XGB,1pct,pca95,Fracture,0.6947073256221521
CheXagent,XGB,1pct,pca95,Lung_Lesion,0.6177698663853727
CheXagent,XGB,1pct,pca95,Lung_Opacity,0.6958811630230801
CheXagent,XGB,1pct,pca95,Pleural_Effusion,0.8937288287681988
CheXagent,XGB,1pct,pca95,Pneumonia,0.6427402698425471
CheXagent,XGB,1pct,pca95,Pneumothorax,0.8657152565409446
CheXagent,XGB,1pct,pca95,Pleural_Other,0.6321641597510372
CheXagent,XGB,1pct,pca95,Support_Devices,0.8168407890325562
CheXagent,XGB,1pct,pca95,No_Finding,0.7743794037940379
MedSigLIP,XGB,NegBio,l2,Atelectasis,0.7949014034464382
MedSigLIP,XGB,NegBio,l2,Cardiomegaly,0.8127328669983894
MedSigLIP,XGB,NegBio,l2,Consolidation,0.7937210033813007
MedSigLIP,XGB,NegBio,l2,Edema,0.8581798157789348
MedSigLIP,XGB,NegBio,l2,Enlarged_Cardiomediastinum,0.712967032967033
MedSigLIP,XGB,NegBio,l2,Fracture,0.6614505340920436
MedSigLIP,XGB,NegBio,l2,Lung_Lesion,0.7011187588278815
MedSigLIP,XGB,NegBio,l2,Lung_Opacity,0.7321725114779721
MedSigLIP,XGB,NegBio,l2,Pleural_Effusion,0.9112668861391757
MedSigLIP,XGB,NegBio,l2,Pneumonia,0.7430355912743973
MedSigLIP,XGB,NegBio,l2,Pneumothorax,0.8542983350322799
MedSigLIP,XGB,NegBio,l2,Pleural_Other,0.7934170364076906
MedSigLIP,XGB,NegBio,l2,Support_Devices,0.8380711825487944
MedSigLIP,XGB,NegBio,l2,No_Finding,0.8079383303263901
Early_Fusion,i4,1pct,raw,Atelectasis,0.624940612942038
Early_Fusion,i4,1pct,raw,Cardiomegaly,0.6919307423626039
Early_Fusion,i4,1pct,raw,Consolidation,0.5895506178862951
Early_Fusion,i4,1pct,raw,Edema,0.7308352944581087
Early_Fusion,i4,1pct,raw,Enlarged_Cardiomediastinum,0.6346377175574426
Early_Fusion,i4,1pct,raw,Fracture,0.6900069665482891
Early_Fusion,i4,1pct,raw,Lung_Lesion,0.5441901318065578
Early_Fusion,i4,1pct,raw,Lung_Opacity,0.547282259653685
Early_Fusion,i4,1pct,raw,Pleural_Effusion,0.7030039045777348
Early_Fusion,i4,1pct,raw,Pneumonia,0.6381116835254406
Early_Fusion,i4,1pct,raw,Pneumothorax,0.6036502775944832
Early_Fusion,i4,1pct,raw,Pleural_Other,0.6249339773791738
Early_Fusion,i4,1pct,raw,Support_Devices,0.6421228530638686
Early_Fusion,i4,1pct,raw,No_Finding,0.7842913279132793
BioViL-T,XGB,NegBio,raw,Atelectasis,0.6320838514833896
BioViL-T,XGB,NegBio,raw,Cardiomegaly,0.7247341810693655
BioViL-T,XGB,NegBio,raw,Consolidation,0.5836380435637335
BioViL-T,XGB,NegBio,raw,Edema,0.6374336704044854
BioViL-T,XGB,NegBio,raw,Enlarged_Cardiomediastinum,0.5821733821733821
BioViL-T,XGB,NegBio,raw,Fracture,0.5189677548168113
BioViL-T,XGB,NegBio,raw,Lung_Lesion,0.5272066901329507
BioViL-T,XGB,NegBio,raw,Lung_Opacity,0.5525739962879751
BioViL-T,XGB,NegBio,raw,Pleural_Effusion,0.7418492450902486
BioViL-T,XGB,NegBio,raw,Pneumonia,0.5503559127439724
BioViL-T,XGB,NegBio,raw,Pneumothorax,0.6844036697247706
BioViL-T,XGB,NegBio,raw,Pleural_Other,0.5257245350703295
BioViL-T,XGB,NegBio,raw,Support_Devices,0.6624477611940298
BioViL-T,XGB,NegBio,raw,No_Finding,0.69872990815155
CheXFound,s4,NegBio,raw,Atelectasis,0.7189617228135301
CheXFound,s4,NegBio,raw,Cardiomegaly,0.7666277708085085
CheXFound,s4,NegBio,raw,Consolidation,0.7021503394489657
CheXFound,s4,NegBio,raw,Edema,0.7822764353432501
CheXFound,s4,NegBio,raw,Enlarged_Cardiomediastinum,0.7029443201185737
CheXFound,s4,NegBio,raw,Fracture,0.678652553597967
CheXFound,s4,NegBio,raw,Lung_Lesion,0.670597521819011
CheXFound,s4,NegBio,raw,Lung_Opacity,0.6624604052362111
CheXFound,s4,NegBio,raw,Pleural_Effusion,0.7655065567566858
CheXFound,s4,NegBio,raw,Pneumonia,0.6932291369349525
CheXFound,s4,NegBio,raw,Pneumothorax,0.7324306267759737
CheXFound,s4,NegBio,raw,Pleural_Other,0.7408744657267592
CheXFound,s4,NegBio,raw,Support_Devices,0.8416991739018457
CheXFound,s4,NegBio,raw,No_Finding,0.803094759717894
EVA-X,XGB,10pct,l2,Atelectasis,0.7262384792626728
EVA-X,XGB,10pct,l2,Cardiomegaly,0.8021068525626552
EVA-X,XGB,10pct,l2,Consolidation,0.690109846135377
EVA-X,XGB,10pct,l2,Edema,0.8368866370179502
EVA-X,XGB,10pct,l2,Enlarged_Cardiomediastinum,0.6452747252747253
EVA-X,XGB,10pct,l2,Fracture,0.4881761888071037
EVA-X,XGB,10pct,l2,Lung_Lesion,0.6415370077355836
EVA-X,XGB,10pct,l2,Lung_Opacity,0.6634447125344252
EVA-X,XGB,10pct,l2,Pleural_Effusion,0.8889225385288377
EVA-X,XGB,10pct,l2,Pneumonia,0.5386792199780048
EVA-X,XGB,10pct,l2,Pneumothorax,0.8703363914373089
EVA-X,XGB,10pct,l2,Pleural_Other,0.648405082987552
EVA-X,XGB,10pct,l2,Support_Devices,0.7450141804771527
EVA-X,XGB,10pct,l2,No_Finding,0.7647371273712738
BioViL-T,XGB,5pct,l2,Atelectasis,0.6147843461981566
BioViL-T,XGB,5pct,l2,Cardiomegaly,0.7020419394897268
BioViL-T,XGB,5pct,l2,Consolidation,0.4775605754416855
BioViL-T,XGB,5pct,l2,Edema,0.6953160809186972
BioViL-T,XGB,5pct,l2,Enlarged_Cardiomediastinum,0.633992673992674
BioViL-T,XGB,5pct,l2,Fracture,0.5699263932702419
BioViL-T,XGB,5pct,l2,Lung_Lesion,0.6017492967651196
BioViL-T,XGB,5pct,l2,Lung_Opacity,0.5384830981453047
BioViL-T,XGB,5pct,l2,Pleural_Effusion,0.7271518944747292
BioViL-T,XGB,5pct,l2,Pneumonia,0.47813452786495353
BioViL-T,XGB,5pct,l2,Pneumothorax,0.7026163778457356
BioViL-T,XGB,5pct,l2,Pleural_Other,0.5053488070539419
BioViL-T,XGB,5pct,l2,Support_Devices,0.6357656098511276
BioViL-T,XGB,5pct,l2,No_Finding,0.6943685636856369
MedSigLIP,LR,5pct,pca95,Atelectasis,0.7305947580645161
MedSigLIP,LR,5pct,pca95,Cardiomegaly,0.7890254572138181
MedSigLIP,LR,5pct,pca95,Consolidation,0.6876888293083094
MedSigLIP,LR,5pct,pca95,Edema,0.8119990585087273
MedSigLIP,LR,5pct,pca95,Enlarged_Cardiomediastinum,0.5824175824175823
MedSigLIP,LR,5pct,pca95,Fracture,0.7101997896950578
MedSigLIP,LR,5pct,pca95,Lung_Lesion,0.6767317158931083
MedSigLIP,LR,5pct,pca95,Lung_Opacity,0.6693719382905607
MedSigLIP,LR,5pct,pca95,Pleural_Effusion,0.8641788366197813
MedSigLIP,LR,5pct,pca95,Pneumonia,0.6618965871802437
MedSigLIP,LR,5pct,pca95,Pneumothorax,0.90859667006456
MedSigLIP,LR,5pct,pca95,Pleural_Other,0.7120072614107884
MedSigLIP,LR,5pct,pca95,Support_Devices,0.8517166079211329
MedSigLIP,LR,5pct,pca95,No_Finding,0.6316747967479674
CheXFound,XGB,CheXpert,raw,Atelectasis,0.7382722494239631
CheXFound,XGB,CheXpert,raw,Cardiomegaly,0.8307814969519078
CheXFound,XGB,CheXpert,raw,Consolidation,0.723263770783729
CheXFound,XGB,CheXpert,raw,Edema,0.8338020142958017
CheXFound,XGB,CheXpert,raw,Enlarged_Cardiomediastinum,0.6212454212454213
CheXFound,XGB,CheXpert,raw,Fracture,0.6245939946255404
CheXFound,XGB,CheXpert,raw,Lung_Lesion,0.7116077707454289
CheXFound,XGB,CheXpert,raw,Lung_Opacity,0.6455119300041432
CheXFound,XGB,CheXpert,raw,Pleural_Effusion,0.8976770531888643
CheXFound,XGB,CheXpert,raw,Pneumonia,0.6815714886045617
CheXFound,XGB,CheXpert,raw,Pneumothorax,0.8283384301732926
CheXFound,XGB,CheXpert,raw,Pleural_Other,0.6954421680497925
CheXFound,XGB,CheXpert,raw,Support_Devices,0.7845292353415547
CheXFound,XGB,CheXpert,raw,No_Finding,0.7767262872628726
CheXFound,XGB,5pct,l2,Atelectasis,0.717327908986175
CheXFound,XGB,5pct,l2,Cardiomegaly,0.8238245089184918
CheXFound,XGB,5pct,l2,Consolidation,0.6014225974909462
CheXFound,XGB,5pct,l2,Edema,0.822714715756352
CheXFound,XGB,5pct,l2,Enlarged_Cardiomediastinum,0.591941391941392
CheXFound,XGB,5pct,l2,Fracture,0.5640612221053862
CheXFound,XGB,5pct,l2,Lung_Lesion,0.6851925105485233
CheXFound,XGB,5pct,l2,Lung_Opacity,0.6571324120786722
CheXFound,XGB,5pct,l2,Pleural_Effusion,0.8178937568701348
CheXFound,XGB,5pct,l2,Pneumonia,0.5564854304694975
CheXFound,XGB,5pct,l2,Pneumothorax,0.7032959565069657
CheXFound,XGB,5pct,l2,Pleural_Other,0.6599455394190872
CheXFound,XGB,5pct,l2,Support_Devices,0.7445158250500621
CheXFound,XGB,5pct,l2,No_Finding,0.747479674796748
CheXagent,XGB,NegBio,l2,Atelectasis,0.7914638479303606
CheXagent,XGB,NegBio,l2,Cardiomegaly,0.8534490356802321
CheXagent,XGB,NegBio,l2,Consolidation,0.8247228119839585
CheXagent,XGB,NegBio,l2,Edema,0.8873398077693232
CheXagent,XGB,NegBio,l2,Enlarged_Cardiomediastinum,0.6915262515262516
CheXagent,XGB,NegBio,l2,Fracture,0.7521962663472097
CheXagent,XGB,NegBio,l2,Lung_Lesion,0.7872116225366007
CheXagent,XGB,NegBio,l2,Lung_Opacity,0.7421949789977532
CheXagent,XGB,NegBio,l2,Pleural_Effusion,0.9303723464638437
CheXagent,XGB,NegBio,l2,Pneumonia,0.7862135476463835
CheXagent,XGB,NegBio,l2,Pneumothorax,0.9133537206931703
CheXagent,XGB,NegBio,l2,Pleural_Other,0.793228232480569
CheXagent,XGB,NegBio,l2,Support_Devices,0.8983513203214696
CheXagent,XGB,NegBio,l2,No_Finding,0.817102673445957
BioViL-T,XGB,1pct,pca95,Atelectasis,0.5786920362903226
BioViL-T,XGB,1pct,pca95,Cardiomegaly,0.5722299051704673
BioViL-T,XGB,1pct,pca95,Consolidation,0.5263410632465635
BioViL-T,XGB,1pct,pca95,Edema,0.48781016562813573
BioViL-T,XGB,1pct,pca95,Enlarged_Cardiomediastinum,0.42315018315018316
BioViL-T,XGB,1pct,pca95,Fracture,0.4998481130973244
BioViL-T,XGB,1pct,pca95,Lung_Lesion,0.5275360407876231
BioViL-T,XGB,1pct,pca95,Lung_Opacity,0.52623869757013
BioViL-T,XGB,1pct,pca95,Pleural_Effusion,0.5487330910559257
BioViL-T,XGB,1pct,pca95,Pneumonia,0.459581735110825
BioViL-T,XGB,1pct,pca95,Pneumothorax,0.45929323819232076
BioViL-T,XGB,1pct,pca95,Pleural_Other,0.42479253112033194
BioViL-T,XGB,1pct,pca95,Support_Devices,0.5620361896650146
BioViL-T,XGB,1pct,pca95,No_Finding,0.6083252032520327
BioViL-T,s4,CheXpert,raw,Atelectasis,0.5672832426701051
BioViL-T,s4,CheXpert,raw,Cardiomegaly,0.6912670148728094
BioViL-T,s4,CheXpert,raw,Consolidation,0.570912266052022
BioViL-T,s4,CheXpert,raw,Edema,0.6899044661326441
BioViL-T,s4,CheXpert,raw,Enlarged_Cardiomediastinum,0.6538383010085005
BioViL-T,s4,CheXpert,raw,Fracture,0.6363557753167498
BioViL-T,s4,CheXpert,raw,Lung_Lesion,0.5351914099787312
BioViL-T,s4,CheXpert,raw,Lung_Opacity,0.5682755562750685
BioViL-T,s4,CheXpert,raw,Pleural_Effusion,0.6527615041691017
BioViL-T,s4,CheXpert,raw,Pneumonia,0.5709189136790637
BioViL-T,s4,CheXpert,raw,Pneumothorax,0.6630325882401564
BioViL-T,s4,CheXpert,raw,Pleural_Other,0.5710126947371998
BioViL-T,s4,CheXpert,raw,Support_Devices,0.7586624953989356
BioViL-T,s4,CheXpert,raw,No_Finding,0.6968726287262874
Early_Fusion,i2,1pct,raw,Atelectasis,0.7729064660138248
Early_Fusion,i2,1pct,raw,Cardiomegaly,0.8152940844434409
Early_Fusion,i2,1pct,raw,Consolidation,0.676344064507093
Early_Fusion,i2,1pct,raw,Edema,0.8569924309056898
Early_Fusion,i2,1pct,raw,Enlarged_Cardiomediastinum,0.5962393162393161
Early_Fusion,i2,1pct,raw,Fracture,0.6762472251431242
Early_Fusion,i2,1pct,raw,Lung_Lesion,0.6962684599156118
Early_Fusion,i2,1pct,raw,Lung_Opacity,0.7202651653627745
Early_Fusion,i2,1pct,raw,Pleural_Effusion,0.8951869798326492
Early_Fusion,i2,1pct,raw,Pneumonia,0.6865785073719411
Early_Fusion,i2,1pct,raw,Pneumothorax,0.8397553516819571
Early_Fusion,i2,1pct,raw,Pleural_Other,0.5936527489626555
Early_Fusion,i2,1pct,raw,Support_Devices,0.8265541893569404
Early_Fusion,i2,1pct,raw,No_Finding,0.7862439024390244
CheXFound,LR,1pct,raw,Atelectasis,0.6315254176267281
CheXFound,LR,1pct,raw,Cardiomegaly,0.7530622036577106
CheXFound,LR,1pct,raw,Consolidation,0.5550931391184297
CheXFound,LR,1pct,raw,Edema,0.6833863954511106
CheXFound,LR,1pct,raw,Enlarged_Cardiomediastinum,0.5896947496947497
CheXFound,LR,1pct,raw,Fracture,0.6257740390232504
CheXFound,LR,1pct,raw,Lung_Lesion,0.6986418776371308
CheXFound,LR,1pct,raw,Lung_Opacity,0.6303331627306183
CheXFound,LR,1pct,raw,Pleural_Effusion,0.7923368553289813
CheXFound,LR,1pct,raw,Pneumonia,0.5786772529349178
CheXFound,LR,1pct,raw,Pneumothorax,0.7048589874277948
CheXFound,LR,1pct,raw,Pleural_Other,0.5382844917012448
CheXFound,LR,1pct,raw,Support_Devices,0.7150222447740638
CheXFound,LR,1pct,raw,No_Finding,0.7228563685636857
MedSigLIP,s4,NegBio,raw,Atelectasis,0.7527587461858685
MedSigLIP,s4,NegBio,raw,Cardiomegaly,0.7601066969587852
MedSigLIP,s4,NegBio,raw,Consolidation,0.6956518910131999
MedSigLIP,s4,NegBio,raw,Edema,0.7897031554307556
MedSigLIP,s4,NegBio,raw,Enlarged_Cardiomediastinum,0.7206701377369801
MedSigLIP,s4,NegBio,raw,Fracture,0.5647053107660341
MedSigLIP,s4,NegBio,raw,Lung_Lesion,0.6533900347604842
MedSigLIP,s4,NegBio,raw,Lung_Opacity,0.7020323281347529
MedSigLIP,s4,NegBio,raw,Pleural_Effusion,0.8015890034979112
MedSigLIP,s4,NegBio,raw,Pneumonia,0.7351746038272615
MedSigLIP,s4,NegBio,raw,Pneumothorax,0.8213058759867069
MedSigLIP,s4,NegBio,raw,Pleural_Other,0.8151899381139902
MedSigLIP,s4,NegBio,raw,Support_Devices,0.8958564708226163
MedSigLIP,s4,NegBio,raw,No_Finding,0.8091556298179432
CheXFound,i4,CheXpert,raw,Atelectasis,0.6787911771036087
CheXFound,i4,CheXpert,raw,Cardiomegaly,0.7208757124470275
CheXFound,i4,CheXpert,raw,Consolidation,0.6402631159796477
CheXFound,i4,CheXpert,raw,Edema,0.7634567015248123
CheXFound,i4,CheXpert,raw,Enlarged_Cardiomediastinum,0.662511979332198
CheXFound,i4,CheXpert,raw,Fracture,0.6997773714765082
CheXFound,i4,CheXpert,raw,Lung_Lesion,0.6000014933876303
CheXFound,i4,CheXpert,raw,Lung_Opacity,0.6443519693793888
CheXFound,i4,CheXpert,raw,Pleural_Effusion,0.7361513898851483
CheXFound,i4,CheXpert,raw,Pneumonia,0.6712645687634511
CheXFound,i4,CheXpert,raw,Pneumothorax,0.7748218314836541
CheXFound,i4,CheXpert,raw,Pleural_Other,0.7164352139789649
CheXFound,i4,CheXpert,raw,Support_Devices,0.6574769923821167
CheXFound,i4,CheXpert,raw,No_Finding,0.7906856368563686
BioViL-T,s2,NegBio,raw,Atelectasis,0.6727571504707764
BioViL-T,s2,NegBio,raw,Cardiomegaly,0.7638598431127457
BioViL-T,s2,NegBio,raw,Consolidation,0.6053511048203193
BioViL-T,s2,NegBio,raw,Edema,0.7871946335602723
BioViL-T,s2,NegBio,raw,Enlarged_Cardiomediastinum,0.5899389499389499
BioViL-T,s2,NegBio,raw,Fracture,0.6353948287910552
BioViL-T,s2,NegBio,raw,Lung_Lesion,0.5723830235634374
BioViL-T,s2,NegBio,raw,Lung_Opacity,0.5646136563446322
BioViL-T,s2,NegBio,raw,Pleural_Effusion,0.7903053695084572
BioViL-T,s2,NegBio,raw,Pneumonia,0.5312514351320321
BioViL-T,s2,NegBio,raw,Pneumothorax,0.7359157322460075
BioViL-T,s2,NegBio,raw,Pleural_Other,0.5735863305956764
BioViL-T,s2,NegBio,raw,Support_Devices,0.6829115958668198
BioViL-T,s2,NegBio,raw,No_Finding,0.7044345579793341
EVA-X,s4,5pct,raw,Atelectasis,0.6401310618430724
EVA-X,s4,5pct,raw,Cardiomegaly,0.7357309040875192
EVA-X,s4,5pct,raw,Consolidation,0.6062458961110769
EVA-X,s4,5pct,raw,Edema,0.752148147009204
EVA-X,s4,5pct,raw,Enlarged_Cardiomediastinum,0.6773485352296791
EVA-X,s4,5pct,raw,Fracture,0.45498943263850017
EVA-X,s4,5pct,raw,Lung_Lesion,0.6049365313238889
EVA-X,s4,5pct,raw,Lung_Opacity,0.6627475337220785
EVA-X,s4,5pct,raw,Pleural_Effusion,0.7448164074457659
EVA-X,s4,5pct,raw,Pneumonia,0.6740839434109578
EVA-X,s4,5pct,raw,Pneumothorax,0.7175670052279911
EVA-X,s4,5pct,raw,Pleural_Other,0.703102266937608
EVA-X,s4,5pct,raw,Support_Devices,0.7599677760818675
EVA-X,s4,5pct,raw,No_Finding,0.7830135501355013
MedSigLIP,i4,NegBio,raw,Atelectasis,0.7171510565742323
MedSigLIP,i4,NegBio,raw,Cardiomegaly,0.7564773797338569
MedSigLIP,i4,NegBio,raw,Consolidation,0.6692879817525215
MedSigLIP,i4,NegBio,raw,Edema,0.7682112970780932
MedSigLIP,i4,NegBio,raw,Enlarged_Cardiomediastinum,0.6913884438118245
MedSigLIP,i4,NegBio,raw,Fracture,0.6486211202400245
MedSigLIP,i4,NegBio,raw,Lung_Lesion,0.6647831402945716
MedSigLIP,i4,NegBio,raw,Lung_Opacity,0.6528268360970342
MedSigLIP,i4,NegBio,raw,Pleural_Effusion,0.7847250402320355
MedSigLIP,i4,NegBio,raw,Pneumonia,0.7100247707776989
MedSigLIP,i4,NegBio,raw,Pneumothorax,0.7360883570613592
MedSigLIP,i4,NegBio,raw,Pleural_Other,0.7304498068543616
MedSigLIP,i4,NegBio,raw,Support_Devices,0.836710867176541
MedSigLIP,i4,NegBio,raw,No_Finding,0.8119925783172053
Early_Fusion,s4,5pct,raw,Atelectasis,0.668268487201186
Early_Fusion,s4,5pct,raw,Cardiomegaly,0.7577619831266404
Early_Fusion,s4,5pct,raw,Consolidation,0.6542351109056981
Early_Fusion,s4,5pct,raw,Edema,0.7798857075887161
Early_Fusion,s4,5pct,raw,Enlarged_Cardiomediastinum,0.658821048763895
Early_Fusion,s4,5pct,raw,Fracture,0.7595252926558933
Early_Fusion,s4,5pct,raw,Lung_Lesion,0.6218672791441648
Early_Fusion,s4,5pct,raw,Lung_Opacity,0.7039132404184281
Early_Fusion,s4,5pct,raw,Pleural_Effusion,0.7491339859482985
Early_Fusion,s4,5pct,raw,Pneumonia,0.7275946457622309
Early_Fusion,s4,5pct,raw,Pneumothorax,0.758299490944034
Early_Fusion,s4,5pct,raw,Pleural_Other,0.7470116921134945
Early_Fusion,s4,5pct,raw,Support_Devices,0.8596114281725766
Early_Fusion,s4,5pct,raw,No_Finding,0.7954525745257452
Early_Fusion,s2,5pct,raw,Atelectasis,0.783401137672811
Early_Fusion,s2,5pct,raw,Cardiomegaly,0.8261035222397833
Early_Fusion,s2,5pct,raw,Consolidation,0.7809880149662858
Early_Fusion,s2,5pct,raw,Edema,0.8676213718518886
Early_Fusion,s2,5pct,raw,Enlarged_Cardiomediastinum,0.6143589743589744
Early_Fusion,s2,5pct,raw,Fracture,0.7699030260544456
Early_Fusion,s2,5pct,raw,Lung_Lesion,0.7679764416315049
Early_Fusion,s2,5pct,raw,Lung_Opacity,0.7291121347274013
Early_Fusion,s2,5pct,raw,Pleural_Effusion,0.9206597572739306
Early_Fusion,s2,5pct,raw,Pneumonia,0.7248553776275671
Early_Fusion,s2,5pct,raw,Pneumothorax,0.9037037037037037
Early_Fusion,s2,5pct,raw,Pleural_Other,0.7935684647302905
Early_Fusion,s2,5pct,raw,Support_Devices,0.8732002573326205
Early_Fusion,s2,5pct,raw,No_Finding,0.7992791327913279
CheXagent,XGB,5pct,l2,Atelectasis,0.7676321284562211
CheXagent,XGB,5pct,l2,Cardiomegaly,0.8498038496274555
CheXagent,XGB,5pct,l2,Consolidation,0.762620300526221
CheXagent,XGB,5pct,l2,Edema,0.8547254190255565
CheXagent,XGB,5pct,l2,Enlarged_Cardiomediastinum,0.5069597069597069
CheXagent,XGB,5pct,l2,Fracture,0.6023834560112163
CheXagent,XGB,5pct,l2,Lung_Lesion,0.663699894514768
CheXagent,XGB,5pct,l2,Lung_Opacity,0.75295751992396
CheXagent,XGB,5pct,l2,Pleural_Effusion,0.9242574646117954
CheXagent,XGB,5pct,l2,Pneumonia,0.7223161038241106
CheXagent,XGB,5pct,l2,Pneumothorax,0.9141692150866463
CheXagent,XGB,5pct,l2,Pleural_Other,0.8270552385892116
CheXagent,XGB,5pct,l2,Support_Devices,0.8675824325181446
CheXagent,XGB,5pct,l2,No_Finding,0.8045745257452575
BioViL-T,LR,CheXpert,pca95,Atelectasis,0.4829349078341014
BioViL-T,LR,CheXpert,pca95,Cardiomegaly,0.5141044818243395
BioViL-T,LR,CheXpert,pca95,Consolidation,0.39334520498609415
BioViL-T,LR,CheXpert,pca95,Edema,0.4873456140133543
BioViL-T,LR,CheXpert,pca95,Enlarged_Cardiomediastinum,0.5439316239316239
BioViL-T,LR,CheXpert,pca95,Fracture,0.5749269774506368
BioViL-T,LR,CheXpert,pca95,Lung_Lesion,0.5540611814345991
BioViL-T,LR,CheXpert,pca95,Lung_Opacity,0.5579049986595501
BioViL-T,LR,CheXpert,pca95,Pleural_Effusion,0.40145702940978534
BioViL-T,LR,CheXpert,pca95,Pneumonia,0.5836038017578212
BioViL-T,LR,CheXpert,pca95,Pneumothorax,0.5244988107373428
BioViL-T,LR,CheXpert,pca95,Pleural_Other,0.4686851659751038
BioViL-T,LR,CheXpert,pca95,Support_Devices,0.5824778231834945
BioViL-T,LR,CheXpert,pca95,No_Finding,0.35992953929539295
CXR_Foundation,s4,NegBio,raw,Atelectasis,0.6991322114632152
CXR_Foundation,s4,NegBio,raw,Cardiomegaly,0.7504755875305221
CXR_Foundation,s4,NegBio,raw,Consolidation,0.7276281323873383
CXR_Foundation,s4,NegBio,raw,Edema,0.7780414249675254
CXR_Foundation,s4,NegBio,raw,Enlarged_Cardiomediastinum,0.7198453763953699
CXR_Foundation,s4,NegBio,raw,Fracture,0.5619420421210232
CXR_Foundation,s4,NegBio,raw,Lung_Lesion,0.6674871683108614
CXR_Foundation,s4,NegBio,raw,Lung_Opacity,0.7085566798046494
CXR_Foundation,s4,NegBio,raw,Pleural_Effusion,0.771787884898854
CXR_Foundation,s4,NegBio,raw,Pneumonia,0.7297186992290008
CXR_Foundation,s4,NegBio,raw,Pneumothorax,0.8015863665859729
CXR_Foundation,s4,NegBio,raw,Pleural_Other,0.8035491354430017
CXR_Foundation,s4,NegBio,raw,Support_Devices,0.8802853671442096
CXR_Foundation,s4,NegBio,raw,No_Finding,0.8067671600787273
EVA-X,XGB,NegBio,raw,Atelectasis,0.7574080653757329
EVA-X,XGB,NegBio,raw,Cardiomegaly,0.8435294023380847
EVA-X,XGB,NegBio,raw,Consolidation,0.729633561374538
EVA-X,XGB,NegBio,raw,Edema,0.8626226471766119
EVA-X,XGB,NegBio,raw,Enlarged_Cardiomediastinum,0.5492307692307693
EVA-X,XGB,NegBio,raw,Fracture,0.6302036537885594
EVA-X,XGB,NegBio,raw,Lung_Lesion,0.6477366993251575
EVA-X,XGB,NegBio,raw,Lung_Opacity,0.6932109016313373
EVA-X,XGB,NegBio,raw,Pleural_Effusion,0.906266318537859
EVA-X,XGB,NegBio,raw,Pneumonia,0.6620252583237658
EVA-X,XGB,NegBio,raw,Pneumothorax,0.8515800203873598
EVA-X,XGB,NegBio,raw,Pleural_Other,0.7078259227791938
EVA-X,XGB,NegBio,raw,Support_Devices,0.7710309988518942
EVA-X,XGB,NegBio,raw,No_Finding,0.7770522388059702
EVA-X,XGB,CheXpert,raw,Atelectasis,0.7478128600230416
EVA-X,XGB,CheXpert,raw,Cardiomegaly,0.8331804583427411
EVA-X,XGB,CheXpert,raw,Consolidation,0.6975529722483442
EVA-X,XGB,CheXpert,raw,Edema,0.8712262923825923
EVA-X,XGB,CheXpert,raw,Enlarged_Cardiomediastinum,0.5814163614163614
EVA-X,XGB,CheXpert,raw,Fracture,0.5621684776258908
EVA-X,XGB,CheXpert,raw,Lung_Lesion,0.6355924753867791
EVA-X,XGB,CheXpert,raw,Lung_Opacity,0.6867197972264871
EVA-X,XGB,CheXpert,raw,Pleural_Effusion,0.9032236355071002
EVA-X,XGB,CheXpert,raw,Pneumonia,0.6624732884489866
EVA-X,XGB,CheXpert,raw,Pneumothorax,0.8059802922188244
EVA-X,XGB,CheXpert,raw,Pleural_Other,0.6799144190871369
EVA-X,XGB,CheXpert,raw,Support_Devices,0.7750151771880068
EVA-X,XGB,CheXpert,raw,No_Finding,0.7785257452574527
CheXagent,i2,10pct,raw,Atelectasis,0.7686851958525346
CheXagent,i2,10pct,raw,Cardiomegaly,0.8485832016256492
CheXagent,i2,10pct,raw,Consolidation,0.7746253426439105
CheXagent,i2,10pct,raw,Edema,0.8675718196796453
CheXagent,i2,10pct,raw,Enlarged_Cardiomediastinum,0.7012454212454212
CheXagent,i2,10pct,raw,Fracture,0.8084121976866456
CheXagent,i2,10pct,raw,Lung_Lesion,0.7685478199718706
CheXagent,i2,10pct,raw,Lung_Opacity,0.7507933026248446
CheXagent,i2,10pct,raw,Pleural_Effusion,0.927944904322857
CheXagent,i2,10pct,raw,Pneumonia,0.7416467727081713
CheXagent,i2,10pct,raw,Pneumothorax,0.9321780496092422
CheXagent,i2,10pct,raw,Pleural_Other,0.843944502074689
CheXagent,i2,10pct,raw,Support_Devices,0.8927901561211639
CheXagent,i2,10pct,raw,No_Finding,0.8166070460704606
CXR_Foundation,i4,10pct,raw,Atelectasis,0.6520913697864797
CXR_Foundation,i4,10pct,raw,Cardiomegaly,0.7264933593100511
CXR_Foundation,i4,10pct,raw,Consolidation,0.6467723592763857
CXR_Foundation,i4,10pct,raw,Edema,0.7599771117022798
CXR_Foundation,i4,10pct,raw,Enlarged_Cardiomediastinum,0.6882432883459582
CXR_Foundation,i4,10pct,raw,Fracture,0.7026898632941802
CXR_Foundation,i4,10pct,raw,Lung_Lesion,0.6523454479249611
CXR_Foundation,i4,10pct,raw,Lung_Opacity,0.6623442261957075
CXR_Foundation,i4,10pct,raw,Pleural_Effusion,0.7466657227238818
CXR_Foundation,i4,10pct,raw,Pneumonia,0.687847483090932
CXR_Foundation,i4,10pct,raw,Pneumothorax,0.7065538039952437
CXR_Foundation,i4,10pct,raw,Pleural_Other,0.6596222180109631
CXR_Foundation,i4,10pct,raw,Support_Devices,0.744108226931921
CXR_Foundation,i4,10pct,raw,No_Finding,0.7770691056910569
CXR_Foundation,XGB,10pct,raw,Atelectasis,0.783536146313364
CXR_Foundation,XGB,10pct,raw,Cardiomegaly,0.7851624237976971
CXR_Foundation,XGB,10pct,raw,Consolidation,0.7372796574561316
CXR_Foundation,XGB,10pct,raw,Edema,0.8602566802522206
CXR_Foundation,XGB,10pct,raw,Enlarged_Cardiomediastinum,0.6175091575091575
CXR_Foundation,XGB,10pct,raw,Fracture,0.6566654983058768
CXR_Foundation,XGB,10pct,raw,Lung_Lesion,0.7035645218002813
CXR_Foundation,XGB,10pct,raw,Lung_Opacity,0.7237210889327581
CXR_Foundation,XGB,10pct,raw,Pleural_Effusion,0.9071970971577271
CXR_Foundation,XGB,10pct,raw,Pneumonia,0.684410289423567
CXR_Foundation,XGB,10pct,raw,Pneumothorax,0.8304791029561671
CXR_Foundation,XGB,10pct,raw,Pleural_Other,0.7599844398340249
CXR_Foundation,XGB,10pct,raw,Support_Devices,0.8328606507615777
CXR_Foundation,XGB,10pct,raw,No_Finding,0.7978970189701897
BioViL-T,LR,10pct,raw,Atelectasis,0.5924179147465437
BioViL-T,LR,10pct,raw,Cardiomegaly,0.6879374576653872
BioViL-T,LR,10pct,raw,Consolidation,0.5966305848456352
BioViL-T,LR,10pct,raw,Edema,0.7355028926080547
BioViL-T,LR,10pct,raw,Enlarged_Cardiomediastinum,0.572942612942613
BioViL-T,LR,10pct,raw,Fracture,0.6148849164622036
BioViL-T,LR,10pct,raw,Lung_Lesion,0.5622802390998594
BioViL-T,LR,10pct,raw,Lung_Opacity,0.5322950939533523
BioViL-T,LR,10pct,raw,Pleural_Effusion,0.7432083810036567
BioViL-T,LR,10pct,raw,Pneumonia,0.48854197401714905
BioViL-T,LR,10pct,raw,Pneumothorax,0.6867821950390758
BioViL-T,LR,10pct,raw,Pleural_Other,0.5853215767634855
BioViL-T,LR,10pct,raw,Support_Devices,0.678587932549858
BioViL-T,LR,10pct,raw,No_Finding,0.6626287262872629
MedSigLIP,i2,10pct,raw,Atelectasis,0.7783698156682028
MedSigLIP,i2,10pct,raw,Cardiomegaly,0.8300053623842854
MedSigLIP,i2,10pct,raw,Consolidation,0.7730246703615519
MedSigLIP,i2,10pct,raw,Edema,0.8514673637005562
MedSigLIP,i2,10pct,raw,Enlarged_Cardiomediastinum,0.6469352869352868
MedSigLIP,i2,10pct,raw,Fracture,0.6986797523075126
MedSigLIP,i2,10pct,raw,Lung_Lesion,0.6841376582278481
MedSigLIP,i2,10pct,raw,Lung_Opacity,0.7227803368185031
MedSigLIP,i2,10pct,raw,Pleural_Effusion,0.9150402674024721
MedSigLIP,i2,10pct,raw,Pneumonia,0.731337678710335
MedSigLIP,i2,10pct,raw,Pneumothorax,0.8602106693849813
MedSigLIP,i2,10pct,raw,Pleural_Other,0.7303552904564315
MedSigLIP,i2,10pct,raw,Support_Devices,0.8682348250772451
MedSigLIP,i2,10pct,raw,No_Finding,0.7933387533875338
EVA-X,s4,NegBio,raw,Atelectasis,0.699507883195405
EVA-X,s4,NegBio,raw,Cardiomegaly,0.7633558252839798
EVA-X,s4,NegBio,raw,Consolidation,0.7059635981799657
EVA-X,s4,NegBio,raw,Edema,0.7878751733132727
EVA-X,s4,NegBio,raw,Enlarged_Cardiomediastinum,0.700458956587952
EVA-X,s4,NegBio,raw,Fracture,0.6091198939180784
EVA-X,s4,NegBio,raw,Lung_Lesion,0.6562200145584012
EVA-X,s4,NegBio,raw,Lung_Opacity,0.7057133505041282
EVA-X,s4,NegBio,raw,Pleural_Effusion,0.7719381170684786
EVA-X,s4,NegBio,raw,Pneumonia,0.7074648600374611
EVA-X,s4,NegBio,raw,Pneumothorax,0.750364466401712
EVA-X,s4,NegBio,raw,Pleural_Other,0.7947334555133461
EVA-X,s4,NegBio,raw,Support_Devices,0.8555520479585347
EVA-X,s4,NegBio,raw,No_Finding,0.7946659217648024
EVA-X,XGB,1pct,raw,Atelectasis,0.6366602462557603
EVA-X,XGB,1pct,raw,Cardiomegaly,0.7696291487920524
EVA-X,XGB,1pct,raw,Consolidation,0.5868864923267774
EVA-X,XGB,1pct,raw,Edema,0.7249482799202209
EVA-X,XGB,1pct,raw,Enlarged_Cardiomediastinum,0.6255433455433456
EVA-X,XGB,1pct,raw,Fracture,0.5948592125248277
EVA-X,XGB,1pct,raw,Lung_Lesion,0.5947828762306611
EVA-X,XGB,1pct,raw,Lung_Opacity,0.6032706977651044
EVA-X,XGB,1pct,raw,Pleural_Effusion,0.8320378221953025
EVA-X,XGB,1pct,raw,Pneumonia,0.5738892912386113
EVA-X,XGB,1pct,raw,Pneumothorax,0.8147468569486919
EVA-X,XGB,1pct,raw,Pleural_Other,0.4837590767634855
EVA-X,XGB,1pct,raw,Support_Devices,0.7074925473211131
EVA-X,XGB,1pct,raw,No_Finding,0.7315013550135502
